Integer,Index
6,0
9,1
10,2
12,3
13,4
14,5
15,6
16,7
17,8
19,9
20,10
22,11
24,12
25,13
27,14
28,15
29,16
30,17
34,18
37,19
38,20
39,21
42,22
43,23
44,24
45,25
46,26
47,27
49,28
50,29
51,30
52,31
53,32
54,33
55,34
56,35
57,36
58,37
59,38
60,39
61,40
62,41
63,42
64,43
66,44
67,45
71,46
76,47
77,48
79,49
81,50
82,51
83,52
84,53
85,54
86,55
88,56
89,57
90,58
91,59
94,60
96,61
97,62
98,63
99,64
101,65
103,66
104,67
107,68
108,69
109,70
110,71
111,72
112,73
114,74
115,75
116,76
117,77
119,78
120,79
121,80
122,81
123,82
124,83
125,84
126,85
129,86
132,87
133,88
135,89
138,90
139,91
140,92
141,93
143,94
146,95
147,96
148,97
150,98
152,99
153,100
154,101
155,102
156,103
157,104
159,105
160,106
161,107
162,108
163,109
164,110
165,111
166,112
167,113
168,114
169,115
170,116
171,117
173,118
174,119
176,120
177,121
178,122
180,123
181,124
182,125
183,126
184,127
186,128
187,129
188,130
189,131
191,132
192,133
194,134
195,135
197,136
200,137
201,138
203,139
204,140
205,141
206,142
208,143
209,144
210,145
211,146
212,147
213,148
214,149
215,150
216,151
217,152
218,153
219,154
220,155
222,156
223,157
224,158
225,159
226,160
227,161
229,162
230,163
231,164
232,165
233,166
234,167
235,168
236,169
237,170
239,171
240,172
241,173
242,174
244,175
245,176
246,177
248,178
249,179
250,180
251,181
252,182
253,183
254,184
255,185
256,186
257,187
258,188
259,189
260,190
261,191
263,192
264,193
265,194
266,195
267,196
268,197
269,198
270,199
271,200
272,201
274,202
275,203
276,204
279,205
280,206
282,207
283,208
284,209
285,210
287,211
288,212
289,213
290,214
291,215
292,216
293,217
294,218
295,219
296,220
297,221
298,222
299,223
300,224
302,225
303,226
304,227
305,228
306,229
307,230
309,231
312,232
313,233
314,234
315,235
317,236
319,237
320,238
321,239
323,240
324,241
326,242
327,243
328,244
330,245
331,246
332,247
334,248
336,249
337,250
338,251
339,252
340,253
341,254
342,255
343,256
345,257
346,258
348,259
349,260
350,261
351,262
352,263
353,264
354,265
355,266
356,267
357,268
358,269
359,270
360,271
361,272
362,273
363,274
364,275
365,276
366,277
367,278
368,279
370,280
371,281
372,282
373,283
374,284
376,285
377,286
378,287
379,288
380,289
382,290
383,291
385,292
387,293
388,294
389,295
391,296
392,297
394,298
395,299
396,300
397,301
398,302
399,303
401,304
402,305
403,306
404,307
405,308
406,309
408,310
409,311
413,312
414,313
415,314
416,315
417,316
418,317
421,318
424,319
425,320
426,321
427,322
428,323
430,324
433,325
434,326
435,327
436,328
437,329
438,330
439,331
441,332
443,333
444,334
446,335
448,336
449,337
450,338
451,339
452,340
456,341
457,342
458,343
460,344
462,345
466,346
467,347
468,348
469,349
470,350
473,351
475,352
476,353
477,354
478,355
479,356
480,357
481,358
484,359
486,360
487,361
489,362
490,363
491,364
492,365
494,366
496,367
497,368
498,369
499,370
500,371
502,372
503,373
504,374
505,375
506,376
507,377
508,378
509,379
511,380
513,381
515,382
517,383
519,384
520,385
521,386
522,387
523,388
524,389
525,390
527,391
528,392
530,393
532,394
533,395
538,396
539,397
540,398
543,399
544,400
545,401
546,402
547,403
548,404
549,405
551,406
552,407
553,408
554,409
556,410
557,411
560,412
562,413
563,414
564,415
565,416
566,417
567,418
568,419
570,420
572,421
573,422
574,423
575,424
576,425
577,426
579,427
581,428
584,429
585,430
587,431
589,432
591,433
592,434
593,435
594,436
595,437
597,438
599,439
600,440
601,441
602,442
603,443
604,444
605,445
606,446
607,447
609,448
610,449
611,450
614,451
615,452
616,453
618,454
620,455
621,456
622,457
623,458
624,459
625,460
626,461
627,462
628,463
630,464
631,465
632,466
634,467
635,468
636,469
637,470
638,471
639,472
641,473
642,474
644,475
645,476
648,477
650,478
651,479
652,480
653,481
654,482
655,483
657,484
658,485
659,486
660,487
661,488
662,489
664,490
666,491
667,492
668,493
669,494
670,495
671,496
672,497
673,498
674,499
675,500
677,501
678,502
679,503
680,504
681,505
683,506
686,507
687,508
688,509
689,510
690,511
691,512
692,513
693,514
694,515
696,516
697,517
698,518
699,519
700,520
701,521
703,522
704,523
706,524
707,525
709,526
710,527
711,528
714,529
715,530
718,531
720,532
721,533
722,534
723,535
724,536
725,537
727,538
728,539
729,540
732,541
733,542
734,543
736,544
737,545
738,546
739,547
740,548
741,549
744,550
745,551
749,552
750,553
751,554
752,555
754,556
755,557
756,558
757,559
758,560
759,561
760,562
762,563
763,564
764,565
765,566
768,567
769,568
770,569
771,570
772,571
773,572
775,573
776,574
778,575
779,576
780,577
781,578
783,579
784,580
787,581
788,582
789,583
791,584
792,585
795,586
796,587
797,588
799,589
800,590
802,591
803,592
805,593
807,594
809,595
811,596
812,597
813,598
814,599
815,600
816,601
818,602
819,603
820,604
822,605
823,606
824,607
826,608
827,609
828,610
830,611
831,612
833,613
835,614
836,615
839,616
840,617
843,618
844,619
846,620
847,621
848,622
851,623
852,624
853,625
854,626
857,627
858,628
860,629
861,630
862,631
863,632
864,633
865,634
868,635
869,636
870,637
871,638
872,639
873,640
875,641
876,642
879,643
880,644
881,645
882,646
883,647
884,648
885,649
886,650
888,651
889,652
890,653
891,654
892,655
893,656
896,657
899,658
901,659
902,660
903,661
906,662
909,663
910,664
916,665
918,666
919,667
921,668
922,669
923,670
924,671
927,672
928,673
930,674
931,675
932,676
933,677
934,678
935,679
937,680
939,681
941,682
943,683
944,684
947,685
948,686
949,687
950,688
952,689
953,690
954,691
957,692
958,693
960,694
965,695
968,696
969,697
970,698
972,699
973,700
975,701
977,702
978,703
979,704
981,705
983,706
985,707
986,708
987,709
992,710
993,711
994,712
995,713
997,714
999,715
1000,716
1002,717
1004,718
1005,719
1007,720
1010,721
1011,722
1014,723
1015,724
1016,725
1017,726
1018,727
1019,728
1020,729
1021,730
1022,731
1023,732
1024,733
1025,734
1026,735
1027,736
1028,737
1029,738
1030,739
1031,740
1034,741
1036,742
1038,743
1039,744
1040,745
1041,746
1047,747
1049,748
1050,749
1051,750
1052,751
1053,752
1056,753
1058,754
1059,755
1060,756
1061,757
1065,758
1069,759
1070,760
1071,761
1072,762
1073,763
1074,764
1075,765
1077,766
1078,767
1079,768
1080,769
1081,770
1083,771
1085,772
1088,773
1094,774
1096,775
1097,776
1098,777
1099,778
1101,779
1102,780
1103,781
1105,782
1107,783
1108,784
1110,785
1115,786
1116,787
1117,788
1121,789
1122,790
1123,791
1124,792
1126,793
1127,794
1128,795
1131,796
1132,797
1134,798
1135,799
1137,800
1138,801
1139,802
1141,803
1142,804
1145,805
1146,806
1147,807
1148,808
1149,809
1152,810
1154,811
1155,812
1156,813
1158,814
1159,815
1161,816
1167,817
1170,818
1172,819
1173,820
1174,821
1176,822
1179,823
1180,824
1182,825
1183,826
1184,827
1185,828
1186,829
1187,830
1189,831
1190,832
1191,833
1192,834
1195,835
1198,836
1200,837
1201,838
1204,839
1205,840
1208,841
1210,842
1211,843
1214,844
1215,845
1219,846
1221,847
1223,848
1225,849
1228,850
1231,851
1232,852
1236,853
1237,854
1238,855
1239,856
1241,857
1242,858
1245,859
1246,860
1248,861
1251,862
1253,863
1254,864
1255,865
1256,866
1257,867
1258,868
1261,869
1262,870
1264,871
1265,872
1272,873
1275,874
1276,875
1279,876
1282,877
1283,878
1284,879
1287,880
1288,881
1289,882
1291,883
1292,884
1293,885
1295,886
1296,887
1298,888
1300,889
1303,890
1304,891
1306,892
1307,893
1309,894
1310,895
1311,896
1312,897
1313,898
1315,899
1316,900
1317,901
1320,902
1322,903
1323,904
1324,905
1325,906
1327,907
1329,908
1330,909
1334,910
1335,911
1336,912
1339,913
1341,914
1342,915
1344,916
1346,917
1347,918
1348,919
1351,920
1353,921
1354,922
1359,923
1362,924
1363,925
1364,926
1368,927
1369,928
1370,929
1373,930
1374,931
1376,932
1377,933
1378,934
1379,935
1381,936
1383,937
1384,938
1386,939
1387,940
1388,941
1390,942
1392,943
1394,944
1396,945
1399,946
1401,947
1402,948
1405,949
1406,950
1407,951
1409,952
1410,953
1411,954
1412,955
1413,956
1415,957
1417,958
1419,959
1421,960
1422,961
1423,962
1424,963
1426,964
1429,965
1430,966
1431,967
1432,968
1433,969
1434,970
1437,971
1439,972
1440,973
1441,974
1443,975
1444,976
1445,977
1447,978
1449,979
1450,980
1454,981
1455,982
1456,983
1459,984
1462,985
1463,986
1464,987
1465,988
1466,989
1467,990
1468,991
1470,992
1471,993
1473,994
1475,995
1476,996
1477,997
1482,998
1483,999
1485,1000
1486,1001
1487,1002
1490,1003
1494,1004
1495,1005
1496,1006
1497,1007
1498,1008
1501,1009
1502,1010
1503,1011
1504,1012
1505,1013
1512,1014
1513,1015
1515,1016
1516,1017
1519,1018
1520,1019
1522,1020
1523,1021
1524,1022
1525,1023
1526,1024
1531,1025
1533,1026
1535,1027
1536,1028
1543,1029
1544,1030
1548,1031
1549,1032
1552,1033
1553,1034
1555,1035
1559,1036
1561,1037
1566,1038
1567,1039
1568,1040
1569,1041
1570,1042
1571,1043
1572,1044
1578,1045
1580,1046
1583,1047
1585,1048
1586,1049
1587,1050
1588,1051
1589,1052
1590,1053
1591,1054
1592,1055
1593,1056
1594,1057
1596,1058
1597,1059
1598,1060
1599,1061
1601,1062
1602,1063
1603,1064
1604,1065
1607,1066
1609,1067
1610,1068
1611,1069
1614,1070
1615,1071
1616,1072
1617,1073
1619,1074
1621,1075
1623,1076
1625,1077
1626,1078
1627,1079
1628,1080
1630,1081
1632,1082
1633,1083
1634,1084
1635,1085
1636,1086
1638,1087
1640,1088
1641,1089
1643,1090
1645,1091
1647,1092
1648,1093
1650,1094
1652,1095
1654,1096
1657,1097
1658,1098
1659,1099
1660,1100
1661,1101
1662,1102
1663,1103
1664,1104
1666,1105
1667,1106
1669,1107
1672,1108
1673,1109
1675,1110
1678,1111
1679,1112
1681,1113
1682,1114
1683,1115
1685,1116
1687,1117
1689,1118
1690,1119
1691,1120
1692,1121
1693,1122
1697,1123
1699,1124
1701,1125
1703,1126
1706,1127
1708,1128
1709,1129
1710,1130
1711,1131
1713,1132
1715,1133
1716,1134
1717,1135
1718,1136
1719,1137
1720,1138
1721,1139
1723,1140
1724,1141
1725,1142
1727,1143
1728,1144
1730,1145
1732,1146
1733,1147
1734,1148
1735,1149
1737,1150
1738,1151
1739,1152
1742,1153
1744,1154
1745,1155
1746,1156
1747,1157
1748,1158
1754,1159
1755,1160
1757,1161
1758,1162
1761,1163
1767,1164
1768,1165
1769,1166
1770,1167
1771,1168
1772,1169
1773,1170
1778,1171
1779,1172
1780,1173
1781,1174
1783,1175
1787,1176
1788,1177
1791,1178
1793,1179
1794,1180
1796,1181
1797,1182
1799,1183
1800,1184
1801,1185
1802,1186
1808,1187
1810,1188
1812,1189
1814,1190
1816,1191
1819,1192
1820,1193
1821,1194
1822,1195
1823,1196
1824,1197
1825,1198
1826,1199
1828,1200
1829,1201
1833,1202
1836,1203
1837,1204
1838,1205
1840,1206
1841,1207
1842,1208
1844,1209
1845,1210
1848,1211
1854,1212
1862,1213
1865,1214
1867,1215
1869,1216
1870,1217
1871,1218
1875,1219
1878,1220
1879,1221
1881,1222
1882,1223
1884,1224
1885,1225
1886,1226
1887,1227
1888,1228
1890,1229
1891,1230
1895,1231
1897,1232
1898,1233
1900,1234
1902,1235
1906,1236
1907,1237
1910,1238
1914,1239
1917,1240
1918,1241
1919,1242
1921,1243
1922,1244
1929,1245
1931,1246
1932,1247
1933,1248
1934,1249
1936,1250
1937,1251
1938,1252
1939,1253
1940,1254
1942,1255
1944,1256
1946,1257
1947,1258
1948,1259
1950,1260
1952,1261
1956,1262
1961,1263
1962,1264
1963,1265
1964,1266
1965,1267
1967,1268
1970,1269
1971,1270
1973,1271
1974,1272
1975,1273
1978,1274
1980,1275
1986,1276
1987,1277
1988,1278
1990,1279
1991,1280
1992,1281
1996,1282
1998,1283
1999,1284
2000,1285
2002,1286
2003,1287
2004,1288
2006,1289
2008,1290
2011,1291
2014,1292
2015,1293
2018,1294
2021,1295
2023,1296
2024,1297
2028,1298
2029,1299
2032,1300
2033,1301
2034,1302
2035,1303
2036,1304
2038,1305
2040,1306
2041,1307
2043,1308
2044,1309
2046,1310
2049,1311
2050,1312
2054,1313
2055,1314
2058,1315
2059,1316
2060,1317
2061,1318
2064,1319
2065,1320
2066,1321
2068,1322
2069,1323
2071,1324
2072,1325
2077,1326
2078,1327
2081,1328
2082,1329
2083,1330
2084,1331
2085,1332
2086,1333
2089,1334
2090,1335
2091,1336
2092,1337
2094,1338
2099,1339
2102,1340
2103,1341
2105,1342
2107,1343
2108,1344
2109,1345
2111,1346
2112,1347
2113,1348
2117,1349
2119,1350
2120,1351
2132,1352
2134,1353
2135,1354
2136,1355
2138,1356
2139,1357
2141,1358
2143,1359
2148,1360
2149,1361
2152,1362
2153,1363
2155,1364
2157,1365
2158,1366
2160,1367
2163,1368
2164,1369
2165,1370
2168,1371
2169,1372
2170,1373
2171,1374
2172,1375
2174,1376
2176,1377
2178,1378
2179,1379
2180,1380
2181,1381
2184,1382
2186,1383
2187,1384
2190,1385
2192,1386
2198,1387
2201,1388
2202,1389
2211,1390
2213,1391
2215,1392
2217,1393
2218,1394
2222,1395
2224,1396
2225,1397
2227,1398
2229,1399
2230,1400
2231,1401
2243,1402
2244,1403
2245,1404
2246,1405
2247,1406
2250,1407
2253,1408
2254,1409
2256,1410
2259,1411
2262,1412
2264,1413
2266,1414
2270,1415
2271,1416
2275,1417
2278,1418
2283,1419
2284,1420
2285,1421
2287,1422
2288,1423
2289,1424
2292,1425
2293,1426
2295,1427
2297,1428
2298,1429
2299,1430
2301,1431
2303,1432
2305,1433
2310,1434
2311,1435
2313,1436
2316,1437
2317,1438
2320,1439
2321,1440
2322,1441
2328,1442
2334,1443
2335,1444
2336,1445
2338,1446
2339,1447
2342,1448
2343,1449
2344,1450
2345,1451
2346,1452
2349,1453
2352,1454
2355,1455
2356,1456
2357,1457
2361,1458
2362,1459
2363,1460
2364,1461
2365,1462
2368,1463
2371,1464
2376,1465
2378,1466
2383,1467
2384,1468
2385,1469
2387,1470
2393,1471
2394,1472
2395,1473
2396,1474
2397,1475
2399,1476
2401,1477
2403,1478
2407,1479
2408,1480
2412,1481
2413,1482
2415,1483
2416,1484
2418,1485
2419,1486
2420,1487
2421,1488
2422,1489
2423,1490
2424,1491
2428,1492
2429,1493
2430,1494
2431,1495
2437,1496
2438,1497
2440,1498
2445,1499
2446,1500
2449,1501
2451,1502
2454,1503
2455,1504
2457,1505
2458,1506
2459,1507
2461,1508
2462,1509
2463,1510
2464,1511
2466,1512
2469,1513
2471,1514
2472,1515
2473,1516
2476,1517
2481,1518
2487,1519
2490,1520
2493,1521
2495,1522
2496,1523
2497,1524
2498,1525
2499,1526
2500,1527
2501,1528
2502,1529
2505,1530
2506,1531
2507,1532
2509,1533
2510,1534
2511,1535
2515,1536
2517,1537
2518,1538
2522,1539
2523,1540
2524,1541
2527,1542
2529,1543
2531,1544
2534,1545
2536,1546
2537,1547
2539,1548
2540,1549
2541,1550
2542,1551
2543,1552
2545,1553
2547,1554
2549,1555
2554,1556
2555,1557
2557,1558
2558,1559
2562,1560
2563,1561
2565,1562
2567,1563
2569,1564
2571,1565
2572,1566
2573,1567
2574,1568
2575,1569
2578,1570
2579,1571
2580,1572
2582,1573
2588,1574
2589,1575
2595,1576
2597,1577
2600,1578
2601,1579
2602,1580
2603,1581
2604,1582
2608,1583
2611,1584
2614,1585
2615,1586
2618,1587
2619,1588
2625,1589
2626,1590
2628,1591
2629,1592
2630,1593
2635,1594
2636,1595
2639,1596
2640,1597
2641,1598
2642,1599
2644,1600
2649,1601
2661,1602
2663,1603
2665,1604
2666,1605
2668,1606
2669,1607
2670,1608
2674,1609
2677,1610
2683,1611
2684,1612
2685,1613
2686,1614
2687,1615
2691,1616
2695,1617
2696,1618
2697,1619
2698,1620
2700,1621
2702,1622
2703,1623
2705,1624
2707,1625
2710,1626
2711,1627
2712,1628
2715,1629
2718,1630
2723,1631
2724,1632
2726,1633
2727,1634
2731,1635
2732,1636
2733,1637
2734,1638
2738,1639
2739,1640
2740,1641
2743,1642
2744,1643
2746,1644
2747,1645
2748,1646
2749,1647
2751,1648
2752,1649
2753,1650
2754,1651
2755,1652
2759,1653
2763,1654
2767,1655
2768,1656
2770,1657
2771,1658
2772,1659
2774,1660
2775,1661
2776,1662
2781,1663
2782,1664
2784,1665
2787,1666
2788,1667
2789,1668
2791,1669
2792,1670
2793,1671
2794,1672
2796,1673
2797,1674
2800,1675
2803,1676
2805,1677
2810,1678
2811,1679
2813,1680
2814,1681
2816,1682
2817,1683
2818,1684
2820,1685
2821,1686
2822,1687
2825,1688
2826,1689
2827,1690
2829,1691
2833,1692
2836,1693
2837,1694
2839,1695
2847,1696
2849,1697
2853,1698
2855,1699
2859,1700
2862,1701
2865,1702
2866,1703
2870,1704
2871,1705
2873,1706
2874,1707
2875,1708
2878,1709
2879,1710
2880,1711
2881,1712
2882,1713
2884,1714
2885,1715
2888,1716
2889,1717
2890,1718
2894,1719
2896,1720
2897,1721
2899,1722
2900,1723
2903,1724
2905,1725
2907,1726
2909,1727
2910,1728
2911,1729
2912,1730
2914,1731
2915,1732
2926,1733
2929,1734
2930,1735
2931,1736
2934,1737
2935,1738
2940,1739
2942,1740
2943,1741
2944,1742
2947,1743
2948,1744
2953,1745
2954,1746
2955,1747
2957,1748
2961,1749
2962,1750
2964,1751
2965,1752
2970,1753
2971,1754
2972,1755
2974,1756
2976,1757
2977,1758
2979,1759
2980,1760
2981,1761
2985,1762
2990,1763
2992,1764
2995,1765
2996,1766
2997,1767
2999,1768
3002,1769
3005,1770
3008,1771
3009,1772
3012,1773
3013,1774
3015,1775
3016,1776
3022,1777
3030,1778
3033,1779
3035,1780
3036,1781
3039,1782
3041,1783
3043,1784
3044,1785
3046,1786
3047,1787
3050,1788
3051,1789
3056,1790
3057,1791
3059,1792
3061,1793
3067,1794
3068,1795
3074,1796
3075,1797
3076,1798
3081,1799
3091,1800
3092,1801
3095,1802
3096,1803
3098,1804
3100,1805
3103,1806
3106,1807
3108,1808
3111,1809
3112,1810
3114,1811
3118,1812
3119,1813
3126,1814
3130,1815
3132,1816
3133,1817
3134,1818
3135,1819
3138,1820
3141,1821
3143,1822
3146,1823
3149,1824
3151,1825
3154,1826
3155,1827
3156,1828
3160,1829
3161,1830
3163,1831
3164,1832
3168,1833
3169,1834
3171,1835
3174,1836
3175,1837
3176,1838
3177,1839
3179,1840
3183,1841
3186,1842
3187,1843
3190,1844
3192,1845
3197,1846
3199,1847
3200,1848
3201,1849
3205,1850
3206,1851
3207,1852
3208,1853
3211,1854
3212,1855
3214,1856
3217,1857
3220,1858
3225,1859
3226,1860
3229,1861
3231,1862
3233,1863
3239,1864
3244,1865
3253,1866
3254,1867
3258,1868
3259,1869
3263,1870
3264,1871
3265,1872
3266,1873
3268,1874
3271,1875
3274,1876
3276,1877
3277,1878
3278,1879
3281,1880
3283,1881
3286,1882
3287,1883
3288,1884
3289,1885
3294,1886
3297,1887
3298,1888
3300,1889
3301,1890
3302,1891
3305,1892
3306,1893
3307,1894
3308,1895
3313,1896
3316,1897
3317,1898
3318,1899
3319,1900
3320,1901
3323,1902
3327,1903
3329,1904
3331,1905
3334,1906
3335,1907
3337,1908
3338,1909
3341,1910
3342,1911
3344,1912
3346,1913
3350,1914
3354,1915
3358,1916
3359,1917
3361,1918
3363,1919
3364,1920
3366,1921
3367,1922
3368,1923
3373,1924
3374,1925
3377,1926
3378,1927
3380,1928
3384,1929
3389,1930
3391,1931
3392,1932
3394,1933
3395,1934
3400,1935
3405,1936
3406,1937
3417,1938
3419,1939
3420,1940
3423,1941
3425,1942
3427,1943
3431,1944
3435,1945
3439,1946
3440,1947
3441,1948
3443,1949
3444,1950
3451,1951
3452,1952
3456,1953
3457,1954
3458,1955
3462,1956
3464,1957
3465,1958
3466,1959
3468,1960
3470,1961
3472,1962
3473,1963
3474,1964
3477,1965
3478,1966
3479,1967
3481,1968
3482,1969
3485,1970
3486,1971
3487,1972
3490,1973
3492,1974
3495,1975
3496,1976
3497,1977
3499,1978
3500,1979
3501,1980
3502,1981
3503,1982
3504,1983
3508,1984
3512,1985
3514,1986
3515,1987
3516,1988
3517,1989
3518,1990
3520,1991
3524,1992
3532,1993
3533,1994
3534,1995
3535,1996
3536,1997
3537,1998
3541,1999
3543,2000
3545,2001
3547,2002
3552,2003
3559,2004
3561,2005
3562,2006
3564,2007
3567,2008
3568,2009
3571,2010
3575,2011
3581,2012
3582,2013
3586,2014
3588,2015
3589,2016
3590,2017
3591,2018
3596,2019
3597,2020
3598,2021
3599,2022
3600,2023
3602,2024
3606,2025
3609,2026
3611,2027
3612,2028
3613,2029
3617,2030
3618,2031
3619,2032
3620,2033
3621,2034
3623,2035
3625,2036
3637,2037
3643,2038
3645,2039
3647,2040
3648,2041
3649,2042
3653,2043
3654,2044
3655,2045
3657,2046
3661,2047
3662,2048
3665,2049
3673,2050
3678,2051
3681,2052
3684,2053
3685,2054
3688,2055
3689,2056
3691,2057
3694,2058
3695,2059
3699,2060
3700,2061
3704,2062
3705,2063
3707,2064
3708,2065
3710,2066
3712,2067
3721,2068
3736,2069
3737,2070
3738,2071
3742,2072
3743,2073
3745,2074
3746,2075
3748,2076
3751,2077
3753,2078
3757,2079
3758,2080
3759,2081
3764,2082
3765,2083
3767,2084
3768,2085
3771,2086
3774,2087
3777,2088
3778,2089
3780,2090
3781,2091
3782,2092
3783,2093
3786,2094
3787,2095
3789,2096
3793,2097
3794,2098
3795,2099
3796,2100
3798,2101
3800,2102
3801,2103
3803,2104
3804,2105
3805,2106
3806,2107
3810,2108
3811,2109
3813,2110
3814,2111
3816,2112
3817,2113
3818,2114
3820,2115
3823,2116
3825,2117
3828,2118
3829,2119
3830,2120
3831,2121
3832,2122
3835,2123
3836,2124
3837,2125
3838,2126
3839,2127
3841,2128
3843,2129
3848,2130
3849,2131
3850,2132
3858,2133
3865,2134
3866,2135
3869,2136
3872,2137
3874,2138
3879,2139
3880,2140
3881,2141
3886,2142
3890,2143
3895,2144
3900,2145
3903,2146
3905,2147
3907,2148
3908,2149
3910,2150
3911,2151
3917,2152
3918,2153
3920,2154
3921,2155
3933,2156
3942,2157
3943,2158
3944,2159
3950,2160
3954,2161
3957,2162
3958,2163
3959,2164
3960,2165
3961,2166
3965,2167
3972,2168
3973,2169
3974,2170
3990,2171
3991,2172
3998,2173
4003,2174
4006,2175
4007,2176
4009,2177
4013,2178
4014,2179
4018,2180
4019,2181
4020,2182
4021,2183
4023,2184
4026,2185
4033,2186
4034,2187
4039,2188
4047,2189
4053,2190
4054,2191
4055,2192
4056,2193
4057,2194
4059,2195
4060,2196
4061,2197
4069,2198
4077,2199
4079,2200
4082,2201
4083,2202
4087,2203
4090,2204
4092,2205
4093,2206
4095,2207
4098,2208
4099,2209
4101,2210
4102,2211
4107,2212
4108,2213
4109,2214
4114,2215
4116,2216
4135,2217
4138,2218
4139,2219
4146,2220
4150,2221
4151,2222
4154,2223
4157,2224
4160,2225
4162,2226
4163,2227
4165,2228
4168,2229
4173,2230
4175,2231
4181,2232
4189,2233
4190,2234
4193,2235
4196,2236
4199,2237
4200,2238
4201,2239
4207,2240
4208,2241
4211,2242
4213,2243
4215,2244
4217,2245
4218,2246
4220,2247
4222,2248
4228,2249
4230,2250
4236,2251
4239,2252
4240,2253
4242,2254
4247,2255
4256,2256
4260,2257
4261,2258
4262,2259
4271,2260
4272,2261
4274,2262
4275,2263
4277,2264
4279,2265
4280,2266
4281,2267
4283,2268
4285,2269
4292,2270
4295,2271
4299,2272
4300,2273
4306,2274
4312,2275
4314,2276
4317,2277
4320,2278
4328,2279
4329,2280
4330,2281
4332,2282
4334,2283
4335,2284
4339,2285
4344,2286
4345,2287
4350,2288
4356,2289
4359,2290
4360,2291
4362,2292
4363,2293
4365,2294
4370,2295
4372,2296
4374,2297
4375,2298
4388,2299
4393,2300
4395,2301
4401,2302
4405,2303
4408,2304
4409,2305
4412,2306
4417,2307
4422,2308
4425,2309
4429,2310
4431,2311
4433,2312
4434,2313
4436,2314
4441,2315
4442,2316
4445,2317
4449,2318
4450,2319
4453,2320
4455,2321
4462,2322
4463,2323
4464,2324
4470,2325
4471,2326
4475,2327
4478,2328
4480,2329
4483,2330
4484,2331
4486,2332
4489,2333
4492,2334
4495,2335
4496,2336
4498,2337
4501,2338
4502,2339
4504,2340
4506,2341
4517,2342
4519,2343
4520,2344
4522,2345
4523,2346
4524,2347
4526,2348
4528,2349
4533,2350
4535,2351
4540,2352
4542,2353
4544,2354
4545,2355
4548,2356
4551,2357
4555,2358
4564,2359
4566,2360
4569,2361
4577,2362
4581,2363
4586,2364
4589,2365
4590,2366
4594,2367
4598,2368
4601,2369
4603,2370
4604,2371
4607,2372
4613,2373
4618,2374
4620,2375
4622,2376
4627,2377
4631,2378
4632,2379
4635,2380
4639,2381
4641,2382
4642,2383
4643,2384
4645,2385
4646,2386
4650,2387
4654,2388
4656,2389
4657,2390
4668,2391
4671,2392
4681,2393
4684,2394
4689,2395
4691,2396
4696,2397
4697,2398
4698,2399
4699,2400
4700,2401
4701,2402
4702,2403
4705,2404
4709,2405
4713,2406
4715,2407
4716,2408
4720,2409
4722,2410
4724,2411
4725,2412
4726,2413
4728,2414
4731,2415
4732,2416
4733,2417
4734,2418
4738,2419
4740,2420
4747,2421
4750,2422
4756,2423
4762,2424
4767,2425
4772,2426
4773,2427
4774,2428
4781,2429
4783,2430
4786,2431
4787,2432
4788,2433
4790,2434
4791,2435
4795,2436
4797,2437
4800,2438
4801,2439
4802,2440
4804,2441
4808,2442
4809,2443
4810,2444
4811,2445
4814,2446
4816,2447
4817,2448
4822,2449
4825,2450
4826,2451
4828,2452
4831,2453
4844,2454
4845,2455
4856,2456
4857,2457
4858,2458
4859,2459
4863,2460
4867,2461
4872,2462
4874,2463
4875,2464
4880,2465
4881,2466
4882,2467
4884,2468
4885,2469
4899,2470
4900,2471
4903,2472
4905,2473
4906,2474
4909,2475
4911,2476
4914,2477
4915,2478
4918,2479
4924,2480
4925,2481
4926,2482
4932,2483
4937,2484
4940,2485
4944,2486
4946,2487
4947,2488
4951,2489
4952,2490
4953,2491
4955,2492
4957,2493
4958,2494
4961,2495
4963,2496
4965,2497
4969,2498
4971,2499
4973,2500
4975,2501
4981,2502
4983,2503
4989,2504
4991,2505
4992,2506
4993,2507
4994,2508
5000,2509
5003,2510
5017,2511
5018,2512
5019,2513
5023,2514
5041,2515
5046,2516
5049,2517
5051,2518
5052,2519
5053,2520
5060,2521
5062,2522
5063,2523
5064,2524
5066,2525
5067,2526
5068,2527
5069,2528
5072,2529
5074,2530
5076,2531
5077,2532
5079,2533
5080,2534
5082,2535
5085,2536
5086,2537
5093,2538
5094,2539
5106,2540
5110,2541
5116,2542
5120,2543
5132,2544
5133,2545
5135,2546
5137,2547
5138,2548
5144,2549
5146,2550
5152,2551
5155,2552
5162,2553
5165,2554
5166,2555
5168,2556
5171,2557
5176,2558
5179,2559
5181,2560
5184,2561
5185,2562
5189,2563
5192,2564
5195,2565
5196,2566
5198,2567
5209,2568
5213,2569
5216,2570
5218,2571
5219,2572
5222,2573
5224,2574
5225,2575
5226,2576
5227,2577
5231,2578
5233,2579
5235,2580
5237,2581
5248,2582
5249,2583
5250,2584
5251,2585
5254,2586
5256,2587
5262,2588
5264,2589
5265,2590
5266,2591
5267,2592
5268,2593
5276,2594
5280,2595
5281,2596
5290,2597
5291,2598
5292,2599
5298,2600
5299,2601
5300,2602
5301,2603
5302,2604
5309,2605
5310,2606
5311,2607
5313,2608
5316,2609
5317,2610
5324,2611
5325,2612
5327,2613
5330,2614
5331,2615
5341,2616
5349,2617
5350,2618
5361,2619
5363,2620
5364,2621
5366,2622
5373,2623
5376,2624
5377,2625
5382,2626
5394,2627
5402,2628
5403,2629
5405,2630
5406,2631
5408,2632
5411,2633
5418,2634
5419,2635
5420,2636
5425,2637
5426,2638
5427,2639
5428,2640
5431,2641
5433,2642
5434,2643
5439,2644
5441,2645
5442,2646
5444,2647
5446,2648
5447,2649
5450,2650
5451,2651
5453,2652
5454,2653
5455,2654
5461,2655
5462,2656
5466,2657
5467,2658
5468,2659
5470,2660
5474,2661
5475,2662
5486,2663
5489,2664
5490,2665
5501,2666
5509,2667
5513,2668
5519,2669
5522,2670
5527,2671
5530,2672
5537,2673
5549,2674
5559,2675
5561,2676
5562,2677
5564,2678
5566,2679
5572,2680
5573,2681
5575,2682
5579,2683
5580,2684
5590,2685
5592,2686
5594,2687
5596,2688
5607,2689
5609,2690
5618,2691
5632,2692
5635,2693
5641,2694
5653,2695
5656,2696
5657,2697
5658,2698
5660,2699
5663,2700
5664,2701
5667,2702
5669,2703
5671,2704
5672,2705
5673,2706
5679,2707
5681,2708
5690,2709
5692,2710
5695,2711
5696,2712
5698,2713
5700,2714
5701,2715
5703,2716
5706,2717
5710,2718
5711,2719
5715,2720
5719,2721
5725,2722
5730,2723
5733,2724
5742,2725
5745,2726
5747,2727
5754,2728
5759,2729
5762,2730
5769,2731
5771,2732
5772,2733
5773,2734
5780,2735
5781,2736
5782,2737
5785,2738
5790,2739
5792,2740
5795,2741
5802,2742
5803,2743
5808,2744
5810,2745
5811,2746
5815,2747
5818,2748
5819,2749
5822,2750
5828,2751
5830,2752
5833,2753
5837,2754
5842,2755
5843,2756
5844,2757
5846,2758
5847,2759
5852,2760
5853,2761
5854,2762
5857,2763
5862,2764
5867,2765
5869,2766
5870,2767
5874,2768
5875,2769
5877,2770
5893,2771
5897,2772
5906,2773
5912,2774
5917,2775
5922,2776
5926,2777
5929,2778
5930,2779
5935,2780
5940,2781
5943,2782
5947,2783
5953,2784
5965,2785
5968,2786
5969,2787
5970,2788
5973,2789
5974,2790
5975,2791
5977,2792
5978,2793
5981,2794
5985,2795
5987,2796
5990,2797
5991,2798
5992,2799
6000,2800
6003,2801
6008,2802
6024,2803
6030,2804
6041,2805
6044,2806
6047,2807
6049,2808
6053,2809
6054,2810
6061,2811
6065,2812
6066,2813
6069,2814
6071,2815
6073,2816
6074,2817
6078,2818
6081,2819
6082,2820
6083,2821
6084,2822
6090,2823
6096,2824
6099,2825
6100,2826
6101,2827
6102,2828
6118,2829
6123,2830
6125,2831
6127,2832
6128,2833
6130,2834
6131,2835
6136,2836
6140,2837
6148,2838
6150,2839
6152,2840
6153,2841
6155,2842
6158,2843
6159,2844
6160,2845
6161,2846
6165,2847
6169,2848
6186,2849
6188,2850
6190,2851
6194,2852
6195,2853
6197,2854
6206,2855
6210,2856
6212,2857
6214,2858
6218,2859
6219,2860
6223,2861
6225,2862
6227,2863
6233,2864
6235,2865
6240,2866
6241,2867
6246,2868
6256,2869
6266,2870
6269,2871
6281,2872
6286,2873
6297,2874
6298,2875
6301,2876
6306,2877
6307,2878
6308,2879
6309,2880
6310,2881
6311,2882
6316,2883
6322,2884
6329,2885
6334,2886
6348,2887
6349,2888
6350,2889
6351,2890
6352,2891
6354,2892
6355,2893
6356,2894
6361,2895
6365,2896
6370,2897
6373,2898
6377,2899
6378,2900
6381,2901
6382,2902
6383,2903
6386,2904
6392,2905
6393,2906
6396,2907
6397,2908
6398,2909
6399,2910
6402,2911
6404,2912
6406,2913
6407,2914
6408,2915
6412,2916
6420,2917
6421,2918
6422,2919
6424,2920
6425,2921
6434,2922
6440,2923
6446,2924
6448,2925
6452,2926
6474,2927
6477,2928
6479,2929
6480,2930
6487,2931
6492,2932
6494,2933
6495,2934
6499,2935
6502,2936
6503,2937
6508,2938
6515,2939
6517,2940
6519,2941
6522,2942
6523,2943
6535,2944
6536,2945
6537,2946
6554,2947
6558,2948
6560,2949
6561,2950
6570,2951
6572,2952
6577,2953
6583,2954
6588,2955
6593,2956
6598,2957
6603,2958
6604,2959
6607,2960
6609,2961
6614,2962
6628,2963
6630,2964
6639,2965
6640,2966
6641,2967
6642,2968
6643,2969
6646,2970
6653,2971
6659,2972
6664,2973
6669,2974
6692,2975
6693,2976
6700,2977
6702,2978
6703,2979
6713,2980
6715,2981
6717,2982
6718,2983
6728,2984
6729,2985
6732,2986
6733,2987
6739,2988
6740,2989
6746,2990
6747,2991
6760,2992
6762,2993
6767,2994
6772,2995
6773,2996
6774,2997
6777,2998
6780,2999
6781,3000
6783,3001
6800,3002
6807,3003
6821,3004
6827,3005
6829,3006
6832,3007
6838,3008
6841,3009
6842,3010
6845,3011
6848,3012
6851,3013
6854,3014
6855,3015
6862,3016
6881,3017
6888,3018
6889,3019
6891,3020
6892,3021
6893,3022
6896,3023
6913,3024
6915,3025
6916,3026
6925,3027
6928,3028
6932,3029
6934,3030
6941,3031
6944,3032
6946,3033
6950,3034
6951,3035
6954,3036
6956,3037
6961,3038
6969,3039
6974,3040
6975,3041
6983,3042
6987,3043
6990,3044
6991,3045
6992,3046
6994,3047
6998,3048
7000,3049
7001,3050
7010,3051
7015,3052
7017,3053
7022,3054
7030,3055
7033,3056
7036,3057
7037,3058
7043,3059
7049,3060
7059,3061
7061,3062
7062,3063
7065,3064
7068,3065
7073,3066
7075,3067
7076,3068
7077,3069
7079,3070
7086,3071
7093,3072
7094,3073
7096,3074
7113,3075
7115,3076
7118,3077
7121,3078
7129,3079
7133,3080
7135,3081
7139,3082
7141,3083
7150,3084
7154,3085
7157,3086
7158,3087
7161,3088
7162,3089
7164,3090
7171,3091
7175,3092
7181,3093
7184,3094
7187,3095
7196,3096
7199,3097
7201,3098
7217,3099
7218,3100
7219,3101
7224,3102
7228,3103
7233,3104
7234,3105
7258,3106
7259,3107
7260,3108
7262,3109
7263,3110
7275,3111
7281,3112
7282,3113
7283,3114
7284,3115
7287,3116
7288,3117
7295,3118
7297,3119
7304,3120
7305,3121
7310,3122
7311,3123
7315,3124
7316,3125
7326,3126
7329,3127
7330,3128
7335,3129
7336,3130
7340,3131
7341,3132
7350,3133
7354,3134
7355,3135
7358,3136
7366,3137
7367,3138
7370,3139
7371,3140
7372,3141
7375,3142
7376,3143
7377,3144
7380,3145
7382,3146
7384,3147
7389,3148
7395,3149
7396,3150
7410,3151
7415,3152
7417,3153
7418,3154
7434,3155
7445,3156
7447,3157
7453,3158
7459,3159
7463,3160
7475,3161
7476,3162
7482,3163
7501,3164
7502,3165
7507,3166
7514,3167
7517,3168
7531,3169
7539,3170
7543,3171
7547,3172
7550,3173
7553,3174
7558,3175
7559,3176
7560,3177
7561,3178
7563,3179
7564,3180
7575,3181
7580,3182
7583,3183
7584,3184
7589,3185
7594,3186
7599,3187
7604,3188
7607,3189
7616,3190
7619,3191
7628,3192
7641,3193
7647,3194
7649,3195
7655,3196
7656,3197
7660,3198
7662,3199
7667,3200
7669,3201
7675,3202
7693,3203
7695,3204
7697,3205
7699,3206
7700,3207
7705,3208
7710,3209
7711,3210
7716,3211
7719,3212
7728,3213
7733,3214
7739,3215
7742,3216
7744,3217
7745,3218
7750,3219
7753,3220
7769,3221
7773,3222
7774,3223
7775,3224
7786,3225
7788,3226
7789,3227
7790,3228
7794,3229
7804,3230
7821,3231
7825,3232
7826,3233
7845,3234
7848,3235
7857,3236
7858,3237
7863,3238
7864,3239
7865,3240
7866,3241
7867,3242
7868,3243
7871,3244
7873,3245
7878,3246
7879,3247
7883,3248
7890,3249
7892,3250
7894,3251
7895,3252
7903,3253
7926,3254
7928,3255
7930,3256
7937,3257
7944,3258
7949,3259
7956,3260
7959,3261
7961,3262
7962,3263
7963,3264
7965,3265
7967,3266
7969,3267
7982,3268
7985,3269
7988,3270
7994,3271
7995,3272
8004,3273
8006,3274
8013,3275
8017,3276
8022,3277
8023,3278
8035,3279
8041,3280
8050,3281
8057,3282
8058,3283
8065,3284
8067,3285
8069,3286
8077,3287
8080,3288
8088,3289
8092,3290
8102,3291
8106,3292
8110,3293
8111,3294
8116,3295
8132,3296
8136,3297
8144,3298
8151,3299
8159,3300
8161,3301
8162,3302
8167,3303
8180,3304
8183,3305
8193,3306
8194,3307
8196,3308
8208,3309
8210,3310
8211,3311
8220,3312
8224,3313
8228,3314
8229,3315
8237,3316
8241,3317
8252,3318
8254,3319
8256,3320
8263,3321
8266,3322
8273,3323
8274,3324
8278,3325
8279,3326
8283,3327
8291,3328
8294,3329
8300,3330
8301,3331
8305,3332
8312,3333
8313,3334
8314,3335
8321,3336
8322,3337
8326,3338
8329,3339
8333,3340
8338,3341
8346,3342
8353,3343
8360,3344
8361,3345
8363,3346
8365,3347
8367,3348
8370,3349
8372,3350
8373,3351
8374,3352
8376,3353
8382,3354
8384,3355
8385,3356
8387,3357
8388,3358
8395,3359
8401,3360
8403,3361
8408,3362
8409,3363
8410,3364
8414,3365
8416,3366
8417,3367
8419,3368
8422,3369
8425,3370
8428,3371
8432,3372
8433,3373
8438,3374
8439,3375
8441,3376
8442,3377
8445,3378
8451,3379
8453,3380
8454,3381
8456,3382
8457,3383
8461,3384
8465,3385
8470,3386
8486,3387
8487,3388
8488,3389
8491,3390
8498,3391
8502,3392
8503,3393
8504,3394
8507,3395
8509,3396
8513,3397
8516,3398
8519,3399
8536,3400
8540,3401
8556,3402
8557,3403
8558,3404
8562,3405
8565,3406
8566,3407
8569,3408
8578,3409
8581,3410
8582,3411
8584,3412
8588,3413
8597,3414
8602,3415
8608,3416
8610,3417
8611,3418
8630,3419
8631,3420
8638,3421
8640,3422
8642,3423
8643,3424
8658,3425
8665,3426
8668,3427
8673,3428
8675,3429
8684,3430
8686,3431
8693,3432
8704,3433
8705,3434
8708,3435
8712,3436
8715,3437
8717,3438
8721,3439
8724,3440
8731,3441
8733,3442
8741,3443
8745,3444
8747,3445
8753,3446
8765,3447
8776,3448
8779,3449
8781,3450
8782,3451
8787,3452
8798,3453
8799,3454
8800,3455
8803,3456
8809,3457
8815,3458
8816,3459
8819,3460
8820,3461
8823,3462
8826,3463
8830,3464
8839,3465
8849,3466
8850,3467
8854,3468
8875,3469
8879,3470
8881,3471
8883,3472
8885,3473
8886,3474
8893,3475
8895,3476
8899,3477
8902,3478
8904,3479
8907,3480
8922,3481
8923,3482
8925,3483
8927,3484
8932,3485
8935,3486
8948,3487
8950,3488
8953,3489
8965,3490
8977,3491
8985,3492
8995,3493
8997,3494
9010,3495
9012,3496
9013,3497
9016,3498
9018,3499
9031,3500
9040,3501
9043,3502
9054,3503
9066,3504
9068,3505
9075,3506
9080,3507
9081,3508
9101,3509
9104,3510
9105,3511
9114,3512
9130,3513
9134,3514
9149,3515
9151,3516
9167,3517
9171,3518
9176,3519
9177,3520
9181,3521
9182,3522
9188,3523
9190,3524
9199,3525
9214,3526
9219,3527
9220,3528
9221,3529
9222,3530
9238,3531
9240,3532
9242,3533
9244,3534
9246,3535
9249,3536
9252,3537
9253,3538
9254,3539
9262,3540
9272,3541
9274,3542
9275,3543
9281,3544
9282,3545
9299,3546
9309,3547
9322,3548
9340,3549
9341,3550
9343,3551
9345,3552
9347,3553
9356,3554
9360,3555
9364,3556
9366,3557
9369,3558
9384,3559
9385,3560
9388,3561
9402,3562
9410,3563
9413,3564
9415,3565
9422,3566
9424,3567
9437,3568
9445,3569
9449,3570
9452,3571
9464,3572
9475,3573
9481,3574
9491,3575
9496,3576
9501,3577
9503,3578
9520,3579
9528,3580
9535,3581
9547,3582
9550,3583
9553,3584
9561,3585
9574,3586
9592,3587
9608,3588
9610,3589
9615,3590
9617,3591
9619,3592
9627,3593
9630,3594
9638,3595
9643,3596
9645,3597
9646,3598
9649,3599
9669,3600
9682,3601
9685,3602
9687,3603
9691,3604
9694,3605
9699,3606
9701,3607
9709,3608
9720,3609
9747,3610
9752,3611
9760,3612
9768,3613
9772,3614
9773,3615
9779,3616
9785,3617
9786,3618
9793,3619
9803,3620
9804,3621
9810,3622
9826,3623
9830,3624
9831,3625
9833,3626
9836,3627
9837,3628
9838,3629
9848,3630
9853,3631
9855,3632
9858,3633
9859,3634
9872,3635
9875,3636
9881,3637
9890,3638
9901,3639
9904,3640
9908,3641
9918,3642
9920,3643
9935,3644
9936,3645
9938,3646
9939,3647
9942,3648
9948,3649
9954,3650
9959,3651
9962,3652
9973,3653
9981,3654
9984,3655
9997,3656
9998,3657
10007,3658
10015,3659
10018,3660
10023,3661
10025,3662
10029,3663
10031,3664
10038,3665
10044,3666
10047,3667
10049,3668
10054,3669
10056,3670
10062,3671
10066,3672
10067,3673
10070,3674
10071,3675
10093,3676
10097,3677
10101,3678
10102,3679
10113,3680
10114,3681
10120,3682
10122,3683
10123,3684
10126,3685
10127,3686
10130,3687
10139,3688
10147,3689
10156,3690
10160,3691
10166,3692
10177,3693
10179,3694
10186,3695
10189,3696
10194,3697
10207,3698
10210,3699
10212,3700
10219,3701
10223,3702
10224,3703
10234,3704
10239,3705
10246,3706
10265,3707
10273,3708
10281,3709
10287,3710
10290,3711
10292,3712
10296,3713
10297,3714
10298,3715
10302,3716
10313,3717
10320,3718
10324,3719
10328,3720
10338,3721
10339,3722
10345,3723
10350,3724
10351,3725
10353,3726
10355,3727
10356,3728
10369,3729
10379,3730
10384,3731
10389,3732
10391,3733
10425,3734
10431,3735
10432,3736
10434,3737
10437,3738
10444,3739
10445,3740
10446,3741
10456,3742
10462,3743
10465,3744
10480,3745
10481,3746
10483,3747
10486,3748
10488,3749
10490,3750
10508,3751
10513,3752
10518,3753
10527,3754
10531,3755
10533,3756
10535,3757
10540,3758
10558,3759
10573,3760
10575,3761
10576,3762
10577,3763
10590,3764
10593,3765
10594,3766
10609,3767
10611,3768
10615,3769
10618,3770
10642,3771
10647,3772
10648,3773
10649,3774
10662,3775
10669,3776
10670,3777
10671,3778
10673,3779
10680,3780
10692,3781
10695,3782
10696,3783
10697,3784
10706,3785
10708,3786
10718,3787
10721,3788
10723,3789
10724,3790
10732,3791
10736,3792
10752,3793
10753,3794
10755,3795
10762,3796
10763,3797
10776,3798
10786,3799
10799,3800
10804,3801
10810,3802
10814,3803
10823,3804
10833,3805
10851,3806
10864,3807
10866,3808
10884,3809
10885,3810
10886,3811
10888,3812
10893,3813
10895,3814
10897,3815
10899,3816
10901,3817
10904,3818
10910,3819
10912,3820
10936,3821
10944,3822
10945,3823
10951,3824
10961,3825
10965,3826
10975,3827
10990,3828
11009,3829
11022,3830
11025,3831
11027,3832
11028,3833
11029,3834
11030,3835
11034,3836
11040,3837
11050,3838
11053,3839
11055,3840
11057,3841
11064,3842
11066,3843
11075,3844
11082,3845
11083,3846
11090,3847
11095,3848
11097,3849
11101,3850
11102,3851
11112,3852
11117,3853
11118,3854
11132,3855
11133,3856
11135,3857
11139,3858
11144,3859
11148,3860
11161,3861
11169,3862
11178,3863
11190,3864
11191,3865
11203,3866
11222,3867
11224,3868
11231,3869
11232,3870
11236,3871
11253,3872
11262,3873
11269,3874
11276,3875
11288,3876
11289,3877
11298,3878
11299,3879
11304,3880
11306,3881
11311,3882
11317,3883
11319,3884
11321,3885
11323,3886
11325,3887
11339,3888
11347,3889
11349,3890
11351,3891
11359,3892
11364,3893
11366,3894
11373,3895
11378,3896
11383,3897
11386,3898
11387,3899
11390,3900
11393,3901
11402,3902
11403,3903
11408,3904
11409,3905
11429,3906
11435,3907
11438,3908
11442,3909
11452,3910
11463,3911
11480,3912
11483,3913
11484,3914
11490,3915
11492,3916
11493,3917
11504,3918
11506,3919
11519,3920
11521,3921
11530,3922
11538,3923
11548,3924
11562,3925
11564,3926
11567,3927
11573,3928
11580,3929
11591,3930
11599,3931
11604,3932
11613,3933
11614,3934
11636,3935
11654,3936
11666,3937
11675,3938
11678,3939
11680,3940
11685,3941
11686,3942
11687,3943
11688,3944
11689,3945
11691,3946
11693,3947
11696,3948
11700,3949
11701,3950
11711,3951
11717,3952
11722,3953
11728,3954
11732,3955
11734,3956
11754,3957
11757,3958
11761,3959
11768,3960
11770,3961
11773,3962
11779,3963
11780,3964
11782,3965
11788,3966
11791,3967
11809,3968
11821,3969
11827,3970
11830,3971
11831,3972
11842,3973
11845,3974
11851,3975
11852,3976
11857,3977
11862,3978
11878,3979
11881,3980
11884,3981
11889,3982
11902,3983
11903,3984
11907,3985
11918,3986
11921,3987
11922,3988
11928,3989
11931,3990
11934,3991
11935,3992
11938,3993
11944,3994
11947,3995
11949,3996
11957,3997
11959,3998
11967,3999
11968,4000
11972,4001
11978,4002
11982,4003
11986,4004
12001,4005
12002,4006
12008,4007
12012,4008
12018,4009
12028,4010
12030,4011
12060,4012
12069,4013
12071,4014
12075,4015
12085,4016
12092,4017
12094,4018
12103,4019
12105,4020
12113,4021
12117,4022
12123,4023
12125,4024
12148,4025
12156,4026
12157,4027
12158,4028
12196,4029
12201,4030
12209,4031
12219,4032
12230,4033
12234,4034
12246,4035
12251,4036
12257,4037
12264,4038
12285,4039
12293,4040
12297,4041
12311,4042
12314,4043
12315,4044
12316,4045
12322,4046
12330,4047
12335,4048
12338,4049
12340,4050
12342,4051
12346,4052
12350,4053
12351,4054
12352,4055
12355,4056
12356,4057
12357,4058
12359,4059
12363,4060
12372,4061
12379,4062
12381,4063
12388,4064
12397,4065
12400,4066
12401,4067
12403,4068
12407,4069
12408,4070
12415,4071
12423,4072
12427,4073
12428,4074
12435,4075
12439,4076
12455,4077
12473,4078
12479,4079
12482,4080
12487,4081
12493,4082
12496,4083
12501,4084
12506,4085
12508,4086
12519,4087
12526,4088
12529,4089
12551,4090
12554,4091
12555,4092
12556,4093
12570,4094
12573,4095
12580,4096
12581,4097
12584,4098
12596,4099
12602,4100
12618,4101
12622,4102
12623,4103
12631,4104
12640,4105
12642,4106
12665,4107
12672,4108
12678,4109
12687,4110
12690,4111
12694,4112
12696,4113
12703,4114
12710,4115
12717,4116
12728,4117
12730,4118
12731,4119
12734,4120
12738,4121
12740,4122
12741,4123
12758,4124
12774,4125
12785,4126
12792,4127
12796,4128
12803,4129
12804,4130
12806,4131
12824,4132
12844,4133
12845,4134
12867,4135
12882,4136
12884,4137
12885,4138
12887,4139
12894,4140
12903,4141
12921,4142
12924,4143
12925,4144
12929,4145
12958,4146
12970,4147
12980,4148
12986,4149
12994,4150
12996,4151
13004,4152
13008,4153
13019,4154
13034,4155
13036,4156
13044,4157
13047,4158
13055,4159
13062,4160
13067,4161
13072,4162
13084,4163
13089,4164
13094,4165
13115,4166
13120,4167
13121,4168
13125,4169
13134,4170
13152,4171
13156,4172
13159,4173
13171,4174
13180,4175
13186,4176
13191,4177
13206,4178
13222,4179
13234,4180
13238,4181
13239,4182
13265,4183
13283,4184
13292,4185
13293,4186
13304,4187
13305,4188
13317,4189
13323,4190
13325,4191
13328,4192
13339,4193
13344,4194
13347,4195
13351,4196
13357,4197
13380,4198
13391,4199
13394,4200
13396,4201
13398,4202
13400,4203
13429,4204
13438,4205
13439,4206
13440,4207
13441,4208
13444,4209
13449,4210
13463,4211
13464,4212
13465,4213
13470,4214
13472,4215
13476,4216
13490,4217
13495,4218
13500,4219
13520,4220
13528,4221
13542,4222
13549,4223
13564,4224
13565,4225
13568,4226
13574,4227
13580,4228
13583,4229
13587,4230
13589,4231
13608,4232
13610,4233
13618,4234
13626,4235
13633,4236
13640,4237
13647,4238
13661,4239
13662,4240
13663,4241
13667,4242
13689,4243
13695,4244
13698,4245
13708,4246
13710,4247
13719,4248
13726,4249
13745,4250
13747,4251
13749,4252
13751,4253
13754,4254
13761,4255
13769,4256
13776,4257
13789,4258
13794,4259
13803,4260
13823,4261
13828,4262
13830,4263
13844,4264
13852,4265
13856,4266
13857,4267
13860,4268
13862,4269
13864,4270
13865,4271
13872,4272
13884,4273
13885,4274
13896,4275
13902,4276
13909,4277
13911,4278
13916,4279
13919,4280
13926,4281
13931,4282
13933,4283
13937,4284
13945,4285
13952,4286
13953,4287
13954,4288
13969,4289
13978,4290
13987,4291
13990,4292
13999,4293
14010,4294
14011,4295
14017,4296
14018,4297
14027,4298
14043,4299
14045,4300
14053,4301
14060,4302
14061,4303
14070,4304
14076,4305
14096,4306
14110,4307
14111,4308
14117,4309
14120,4310
14124,4311
14126,4312
14130,4313
14132,4314
14137,4315
14141,4316
14149,4317
14166,4318
14170,4319
14184,4320
14207,4321
14229,4322
14240,4323
14243,4324
14247,4325
14270,4326
14275,4327
14277,4328
14279,4329
14281,4330
14298,4331
14304,4332
14308,4333
14337,4334
14341,4335
14345,4336
14348,4337
14367,4338
14370,4339
14371,4340
14377,4341
14380,4342
14382,4343
14386,4344
14388,4345
14396,4346
14401,4347
14438,4348
14449,4349
14461,4350
14468,4351
14469,4352
14470,4353
14480,4354
14504,4355
14548,4356
14560,4357
14566,4358
14567,4359
14576,4360
14596,4361
14637,4362
14641,4363
14668,4364
14670,4365
14672,4366
14678,4367
14681,4368
14697,4369
14699,4370
14715,4371
14717,4372
14720,4373
14732,4374
14743,4375
14746,4376
14769,4377
14778,4378
14787,4379
14804,4380
14819,4381
14830,4382
14839,4383
14857,4384
14865,4385
14877,4386
14878,4387
14883,4388
14886,4389
14896,4390
14902,4391
14908,4392
14913,4393
14914,4394
14920,4395
14925,4396
14934,4397
14946,4398
14954,4399
14958,4400
14963,4401
14965,4402
14966,4403
14972,4404
14977,4405
15005,4406
15008,4407
15015,4408
15016,4409
15020,4410
15021,4411
15032,4412
15035,4413
15036,4414
15044,4415
15050,4416
15052,4417
15054,4418
15058,4419
15060,4420
15066,4421
15067,4422
15072,4423
15075,4424
15098,4425
15099,4426
15102,4427
15112,4428
15116,4429
15123,4430
15135,4431
15149,4432
15155,4433
15168,4434
15169,4435
15202,4436
15204,4437
15208,4438
15210,4439
15216,4440
15229,4441
15244,4442
15246,4443
15247,4444
15263,4445
15273,4446
15276,4447
15284,4448
15285,4449
15286,4450
15294,4451
15308,4452
15309,4453
15315,4454
15349,4455
15352,4456
15374,4457
15379,4458
15382,4459
15392,4460
15393,4461
15395,4462
15396,4463
15408,4464
15414,4465
15416,4466
15425,4467
15434,4468
15435,4469
15449,4470
15465,4471
15468,4472
15469,4473
15470,4474
15477,4475
15480,4476
15481,4477
15482,4478
15515,4479
15520,4480
15527,4481
15557,4482
15563,4483
15569,4484
15583,4485
15584,4486
15593,4487
15601,4488
15608,4489
15612,4490
15631,4491
15647,4492
15651,4493
15658,4494
15659,4495
15662,4496
15665,4497
15670,4498
15693,4499
15697,4500
15699,4501
15701,4502
15708,4503
15710,4504
15765,4505
15780,4506
15791,4507
15795,4508
15800,4509
15804,4510
15808,4511
15816,4512
15819,4513
15825,4514
15838,4515
15841,4516
15843,4517
15853,4518
15859,4519
15863,4520
15870,4521
15873,4522
15880,4523
15885,4524
15893,4525
15907,4526
15909,4527
15917,4528
15925,4529
15951,4530
15952,4531
15959,4532
15961,4533
15987,4534
15991,4535
15993,4536
16005,4537
16009,4538
16023,4539
16025,4540
16026,4541
16030,4542
16033,4543
16037,4544
16039,4545
16042,4546
16067,4547
16091,4548
16096,4549
16108,4550
16110,4551
16124,4552
16137,4553
16156,4554
16163,4555
16170,4556
16190,4557
16197,4558
16200,4559
16212,4560
16222,4561
16224,4562
16231,4563
16235,4564
16274,4565
16279,4566
16282,4567
16292,4568
16298,4569
16317,4570
16327,4571
16329,4572
16332,4573
16337,4574
16340,4575
16351,4576
16364,4577
16365,4578
16367,4579
16368,4580
16375,4581
16382,4582
16383,4583
16385,4584
16399,4585
16408,4586
16418,4587
16428,4588
16432,4589
16454,4590
16455,4591
16457,4592
16458,4593
16469,4594
16472,4595
16474,4596
16481,4597
16492,4598
16497,4599
16522,4600
16526,4601
16527,4602
16528,4603
16552,4604
16595,4605
16601,4606
16606,4607
16620,4608
16631,4609
16665,4610
16667,4611
16683,4612
16721,4613
16727,4614
16743,4615
16747,4616
16754,4617
16776,4618
16778,4619
16795,4620
16797,4621
16798,4622
16801,4623
16803,4624
16806,4625
16821,4626
16825,4627
16831,4628
16843,4629
16852,4630
16853,4631
16871,4632
16896,4633
16908,4634
16916,4635
16928,4636
16933,4637
16935,4638
16942,4639
16946,4640
16952,4641
16957,4642
16987,4643
17002,4644
17013,4645
17022,4646
17027,4647
17050,4648
17058,4649
17059,4650
17061,4651
17076,4652
17093,4653
17108,4654
17120,4655
17128,4656
17130,4657
17136,4658
17140,4659
17141,4660
17143,4661
17155,4662
17171,4663
17172,4664
17202,4665
17209,4666
17223,4667
17225,4668
17227,4669
17240,4670
17254,4671
17268,4672
17276,4673
17282,4674
17294,4675
17309,4676
17311,4677
17319,4678
17325,4679
17328,4680
17366,4681
17370,4682
17381,4683
17387,4684
17412,4685
17422,4686
17437,4687
17440,4688
17441,4689
17448,4690
17462,4691
17500,4692
17503,4693
17504,4694
17505,4695
17513,4696
17521,4697
17525,4698
17529,4699
17536,4700
17544,4701
17553,4702
17554,4703
17560,4704
17571,4705
17573,4706
17577,4707
17581,4708
17589,4709
17602,4710
17605,4711
17611,4712
17618,4713
17626,4714
17644,4715
17651,4716
17655,4717
17666,4718
17671,4719
17674,4720
17678,4721
17691,4722
17697,4723
17700,4724
17709,4725
17711,4726
17717,4727
17721,4728
17727,4729
17730,4730
17735,4731
17741,4732
17751,4733
17757,4734
17764,4735
17788,4736
17802,4737
17820,4738
17838,4739
17843,4740
17853,4741
17858,4742
17862,4743
17868,4744
17903,4745
17918,4746
17922,4747
17923,4748
17924,4749
17936,4750
17948,4751
17950,4752
17953,4753
17976,4754
17984,4755
17985,4756
17989,4757
17999,4758
18007,4759
18013,4760
18032,4761
18046,4762
18076,4763
18082,4764
18100,4765
18115,4766
18124,4767
18128,4768
18136,4769
18141,4770
18153,4771
18169,4772
18181,4773
18209,4774
18216,4775
18225,4776
18231,4777
18236,4778
18242,4779
18255,4780
18263,4781
18268,4782
18277,4783
18280,4784
18290,4785
18295,4786
18315,4787
18360,4788
18367,4789
18369,4790
18391,4791
18393,4792
18402,4793
18411,4794
18418,4795
18467,4796
18477,4797
18486,4798
18490,4799
18497,4800
18501,4801
18525,4802
18566,4803
18585,4804
18594,4805
18602,4806
18605,4807
18606,4808
18610,4809
18615,4810
18624,4811
18630,4812
18660,4813
18669,4814
18674,4815
18684,4816
18689,4817
18748,4818
18750,4819
18761,4820
18765,4821
18767,4822
18775,4823
18780,4824
18783,4825
18786,4826
18813,4827
18814,4828
18822,4829
18850,4830
18866,4831
18884,4832
18912,4833
18913,4834
18918,4835
18923,4836
18927,4837
18930,4838
18943,4839
18956,4840
18971,4841
19002,4842
19020,4843
19022,4844
19039,4845
19043,4846
19071,4847
19087,4848
19094,4849
19118,4850
19120,4851
19123,4852
19133,4853
19135,4854
19156,4855
19158,4856
19171,4857
19206,4858
19222,4859
19223,4860
19253,4861
19254,4862
19256,4863
19257,4864
19283,4865
19297,4866
19326,4867
19334,4868
19348,4869
19364,4870
19370,4871
19374,4872
19390,4873
19401,4874
19403,4875
19420,4876
19421,4877
19424,4878
19429,4879
19434,4880
19444,4881
19446,4882
19447,4883
19464,4884
19469,4885
19476,4886
19484,4887
19492,4888
19493,4889
19498,4890
19499,4891
19501,4892
19513,4893
19516,4894
19532,4895
19551,4896
19553,4897
19564,4898
19571,4899
19576,4900
19579,4901
19581,4902
19608,4903
19618,4904
19620,4905
19627,4906
19635,4907
19666,4908
19667,4909
19682,4910
19687,4911
19692,4912
19693,4913
19697,4914
19700,4915
19708,4916
19715,4917
19728,4918
19737,4919
19774,4920
19780,4921
19797,4922
19812,4923
19824,4924
19833,4925
19858,4926
19861,4927
19869,4928
19871,4929
19920,4930
19931,4931
19937,4932
19972,4933
19983,4934
19991,4935
20000,4936
20018,4937
20037,4938
20053,4939
20059,4940
20063,4941
20116,4942
20130,4943
20136,4944
20139,4945
20148,4946
20169,4947
20183,4948
20188,4949
20208,4950
20212,4951
20214,4952
20216,4953
20227,4954
20231,4955
20246,4956
20252,4957
20267,4958
20268,4959
20290,4960
20293,4961
20300,4962
20301,4963
20307,4964
20308,4965
20310,4966
20320,4967
20324,4968
20327,4969
20357,4970
20359,4971
20361,4972
20371,4973
20395,4974
20405,4975
20411,4976
20422,4977
20431,4978
20438,4979
20440,4980
20454,4981
20456,4982
20469,4983
20474,4984
20488,4985
20492,4986
20507,4987
20538,4988
20543,4989
20549,4990
20554,4991
20555,4992
20564,4993
20572,4994
20574,4995
20585,4996
20586,4997
20589,4998
20593,4999
20630,5000
20642,5001
20660,5002
20663,5003
20691,5004
20693,5005
20706,5006
20744,5007
20758,5008
20762,5009
20778,5010
20785,5011
20801,5012
20807,5013
20814,5014
20846,5015
20853,5016
20856,5017
20865,5018
20867,5019
20871,5020
20902,5021
20913,5022
20914,5023
20932,5024
20935,5025
20939,5026
20949,5027
21004,5028
21018,5029
21052,5030
21086,5031
21090,5032
21094,5033
21111,5034
21119,5035
21133,5036
21170,5037
21180,5038
21193,5039
21225,5040
21229,5041
21237,5042
21238,5043
21252,5044
21272,5045
21284,5046
21294,5047
21318,5048
21345,5049
21349,5050
21371,5051
21374,5052
21391,5053
21401,5054
21406,5055
21423,5056
21440,5057
21461,5058
21463,5059
21483,5060
21491,5061
21498,5062
21513,5063
21519,5064
21549,5065
21551,5066
21561,5067
21564,5068
21589,5069
21613,5070
21621,5071
21649,5072
21657,5073
21671,5074
21677,5075
21680,5076
21692,5077
21702,5078
21712,5079
21724,5080
21728,5081
21733,5082
21742,5083
21759,5084
21770,5085
21785,5086
21789,5087
21790,5088
21791,5089
21792,5090
21801,5091
21834,5092
21841,5093
21856,5094
21866,5095
21888,5096
21921,5097
21925,5098
21934,5099
21963,5100
21965,5101
21974,5102
21981,5103
21993,5104
21997,5105
22003,5106
22019,5107
22035,5108
22050,5109
22061,5110
22083,5111
22085,5112
22093,5113
22114,5114
22155,5115
22159,5116
22160,5117
22161,5118
22174,5119
22223,5120
22226,5121
22227,5122
22228,5123
22248,5124
22270,5125
22271,5126
22273,5127
22279,5128
22300,5129
22320,5130
22324,5131
22329,5132
22330,5133
22332,5134
22348,5135
22357,5136
22383,5137
22403,5138
22414,5139
22430,5140
22465,5141
22467,5142
22474,5143
22483,5144
22485,5145
22513,5146
22522,5147
22525,5148
22539,5149
22540,5150
22545,5151
22567,5152
22595,5153
22599,5154
22602,5155
22607,5156
22620,5157
22654,5158
22661,5159
22669,5160
22679,5161
22697,5162
22709,5163
22714,5164
22718,5165
22751,5166
22761,5167
22767,5168
22787,5169
22792,5170
22793,5171
22801,5172
22808,5173
22812,5174
22820,5175
22859,5176
22901,5177
22914,5178
22934,5179
22935,5180
22967,5181
22986,5182
23021,5183
23025,5184
23040,5185
23043,5186
23063,5187
23086,5188
23114,5189
23115,5190
23142,5191
23143,5192
23190,5193
23198,5194
23204,5195
23219,5196
23221,5197
23241,5198
23242,5199
23249,5200
23259,5201
23260,5202
23268,5203
23272,5204
23280,5205
23292,5206
23312,5207
23321,5208
23328,5209
23340,5210
23357,5211
23368,5212
23390,5213
23397,5214
23398,5215
23428,5216
23432,5217
23434,5218
23448,5219
23471,5220
23475,5221
23476,5222
23480,5223
23544,5224
23570,5225
23589,5226
23590,5227
23593,5228
23599,5229
23653,5230
23657,5231
23661,5232
23673,5233
23701,5234
23707,5235
23714,5236
23724,5237
23748,5238
23750,5239
23770,5240
23774,5241
23807,5242
23816,5243
23824,5244
23831,5245
23841,5246
23846,5247
23852,5248
23858,5249
23860,5250
23867,5251
23876,5252
23878,5253
23880,5254
23921,5255
23922,5256
23953,5257
23957,5258
23966,5259
23971,5260
23977,5261
23978,5262
23980,5263
23981,5264
23985,5265
24031,5266
24034,5267
24044,5268
24060,5269
24061,5270
24081,5271
24090,5272
24110,5273
24117,5274
24118,5275
24119,5276
24127,5277
24134,5278
24151,5279
24162,5280
24188,5281
24199,5282
24204,5283
24210,5284
24211,5285
24218,5286
24228,5287
24284,5288
24286,5289
24303,5290
24318,5291
24330,5292
24331,5293
24337,5294
24347,5295
24356,5296
24373,5297
24384,5298
24412,5299
24413,5300
24416,5301
24418,5302
24431,5303
24434,5304
24467,5305
24477,5306
24494,5307
24501,5308
24529,5309
24541,5310
24547,5311
24550,5312
24551,5313
24600,5314
24609,5315
24626,5316
24645,5317
24648,5318
24667,5319
24676,5320
24686,5321
24694,5322
24723,5323
24730,5324
24769,5325
24776,5326
24783,5327
24787,5328
24822,5329
24838,5330
24861,5331
24887,5332
24911,5333
24942,5334
24964,5335
24970,5336
24971,5337
24989,5338
25023,5339
25028,5340
25032,5341
25035,5342
25039,5343
25055,5344
25057,5345
25061,5346
25093,5347
25096,5348
25102,5349
25115,5350
25121,5351
25125,5352
25133,5353
25142,5354
25149,5355
25190,5356
25194,5357
25208,5358
25215,5359
25230,5360
25279,5361
25295,5362
25296,5363
25304,5364
25317,5365
25322,5366
25361,5367
25367,5368
25396,5369
25399,5370
25400,5371
25425,5372
25465,5373
25492,5374
25503,5375
25516,5376
25528,5377
25533,5378
25552,5379
25559,5380
25582,5381
25593,5382
25654,5383
25659,5384
25700,5385
25718,5386
25720,5387
25751,5388
25754,5389
25799,5390
25856,5391
25872,5392
25893,5393
25902,5394
25927,5395
25937,5396
25944,5397
26004,5398
26007,5399
26010,5400
26022,5401
26030,5402
26038,5403
26040,5404
26089,5405
26116,5406
26127,5407
26128,5408
26140,5409
26167,5410
26168,5411
26207,5412
26248,5413
26254,5414
26279,5415
26292,5416
26302,5417
26328,5418
26334,5419
26335,5420
26342,5421
26352,5422
26388,5423
26401,5424
26403,5425
26423,5426
26450,5427
26459,5428
26465,5429
26475,5430
26485,5431
26517,5432
26518,5433
26542,5434
26547,5435
26550,5436
26592,5437
26593,5438
26596,5439
26606,5440
26618,5441
26622,5442
26647,5443
26657,5444
26682,5445
26683,5446
26716,5447
26720,5448
26733,5449
26734,5450
26784,5451
26795,5452
26806,5453
26819,5454
26832,5455
26842,5456
26853,5457
26859,5458
26881,5459
26916,5460
26939,5461
26945,5462
26954,5463
26964,5464
26976,5465
26978,5466
26980,5467
26982,5468
26988,5469
26995,5470
27030,5471
27068,5472
27079,5473
27082,5474
27089,5475
27097,5476
27102,5477
27118,5478
27140,5479
27146,5480
27153,5481
27157,5482
27173,5483
27179,5484
27190,5485
27191,5486
27193,5487
27218,5488
27228,5489
27231,5490
27237,5491
27246,5492
27248,5493
27262,5494
27286,5495
27291,5496
27294,5497
27314,5498
27324,5499
27351,5500
27362,5501
27400,5502
27411,5503
27445,5504
27446,5505
27506,5506
27525,5507
27527,5508
27552,5509
27558,5510
27570,5511
27588,5512
27595,5513
27603,5514
27633,5515
27654,5516
27683,5517
27724,5518
27730,5519
27732,5520
27735,5521
27746,5522
27782,5523
27797,5524
27855,5525
27892,5526
27921,5527
27948,5528
27953,5529
27985,5530
27988,5531
27990,5532
27992,5533
27996,5534
28001,5535
28003,5536
28015,5537
28025,5538
28042,5539
28047,5540
28053,5541
28072,5542
28078,5543
28084,5544
28094,5545
28113,5546
28128,5547
28170,5548
28179,5549
28184,5550
28227,5551
28245,5552
28285,5553
28289,5554
28316,5555
28327,5556
28331,5557
28338,5558
28364,5559
28368,5560
28424,5561
28439,5562
28448,5563
28451,5564
28458,5565
28485,5566
28486,5567
28531,5568
28540,5569
28578,5570
28611,5571
28653,5572
28661,5573
28693,5574
28706,5575
28708,5576
28710,5577
28714,5578
28715,5579
28720,5580
28734,5581
28771,5582
28789,5583
28808,5584
28815,5585
28886,5586
28888,5587
28914,5588
28946,5589
28947,5590
28953,5591
28966,5592
28971,5593
28988,5594
28990,5595
29006,5596
29020,5597
29025,5598
29049,5599
29058,5600
29080,5601
29087,5602
29105,5603
29111,5604
29116,5605
29134,5606
29168,5607
29196,5608
29199,5609
29214,5610
29231,5611
29290,5612
29348,5613
29351,5614
29353,5615
29356,5616
29397,5617
29427,5618
29442,5619
29459,5620
29463,5621
29476,5622
29490,5623
29491,5624
29503,5625
29510,5626
29519,5627
29556,5628
29618,5629
29629,5630
29632,5631
29633,5632
29640,5633
29650,5634
29670,5635
29698,5636
29711,5637
29726,5638
29749,5639
29768,5640
29772,5641
29806,5642
29809,5643
29824,5644
29836,5645
29844,5646
29865,5647
29870,5648
29890,5649
29936,5650
29939,5651
29971,5652
29973,5653
29980,5654
30026,5655
30074,5656
30113,5657
30130,5658
30147,5659
30161,5660
30164,5661
30179,5662
30189,5663
30191,5664
30195,5665
30217,5666
30220,5667
30331,5668
30348,5669
30404,5670
30450,5671
30476,5672
30514,5673
30542,5674
30550,5675
30597,5676
30613,5677
30630,5678
30632,5679
30655,5680
30716,5681
30723,5682
30756,5683
30763,5684
30767,5685
30788,5686
30793,5687
30819,5688
30844,5689
30858,5690
30860,5691
30874,5692
30920,5693
30932,5694
30936,5695
30964,5696
30970,5697
30972,5698
30974,5699
30999,5700
31003,5701
31031,5702
31113,5703
31115,5704
31137,5705
31165,5706
31181,5707
31186,5708
31196,5709
31232,5710
31233,5711
31237,5712
31257,5713
31264,5714
31327,5715
31353,5716
31383,5717
31390,5718
31416,5719
31422,5720
31461,5721
31466,5722
31522,5723
31578,5724
31614,5725
31629,5726
31640,5727
31653,5728
31671,5729
31700,5730
31702,5731
31800,5732
31807,5733
31821,5734
31829,5735
31842,5736
31859,5737
31866,5738
31871,5739
31914,5740
31922,5741
31942,5742
31943,5743
31958,5744
31975,5745
32011,5746
32054,5747
32061,5748
32074,5749
32090,5750
32112,5751
32138,5752
32171,5753
32176,5754
32181,5755
32193,5756
32199,5757
32203,5758
32226,5759
32233,5760
32270,5761
32282,5762
32295,5763
32327,5764
32339,5765
32341,5766
32351,5767
32369,5768
32371,5769
32485,5770
32513,5771
32517,5772
32525,5773
32543,5774
32549,5775
32584,5776
32615,5777
32637,5778
32692,5779
32715,5780
32722,5781
32733,5782
32738,5783
32757,5784
32800,5785
32826,5786
32846,5787
32896,5788
32905,5789
32908,5790
32914,5791
32930,5792
33010,5793
33030,5794
33037,5795
33051,5796
33077,5797
33083,5798
33098,5799
33126,5800
33147,5801
33167,5802
33197,5803
33210,5804
33212,5805
33226,5806
33228,5807
33235,5808
33245,5809
33275,5810
33308,5811
33353,5812
33399,5813
33430,5814
33431,5815
33438,5816
33467,5817
33494,5818
33515,5819
33518,5820
33538,5821
33566,5822
33584,5823
33590,5824
33606,5825
33644,5826
33700,5827
33704,5828
33731,5829
33739,5830
33771,5831
33842,5832
33845,5833
33848,5834
33855,5835
33866,5836
33870,5837
33887,5838
33890,5839
33921,5840
33923,5841
33939,5842
33967,5843
34022,5844
34031,5845
34041,5846
34044,5847
34059,5848
34065,5849
34134,5850
34150,5851
34151,5852
34159,5853
34176,5854
34179,5855
34185,5856
34188,5857
34260,5858
34284,5859
34299,5860
34324,5861
34327,5862
34331,5863
34356,5864
34363,5865
34384,5866
34401,5867
34449,5868
34472,5869
34487,5870
34505,5871
34518,5872
34554,5873
34560,5874
34612,5875
34621,5876
34632,5877
34635,5878
34644,5879
34674,5880
34677,5881
34682,5882
34711,5883
34724,5884
34752,5885
34799,5886
34888,5887
34911,5888
34951,5889
34961,5890
34989,5891
35008,5892
35042,5893
35073,5894
35157,5895
35163,5896
35246,5897
35256,5898
35275,5899
35284,5900
35330,5901
35395,5902
35406,5903
35414,5904
35451,5905
35498,5906
35590,5907
35597,5908
35612,5909
35625,5910
35640,5911
35644,5912
35673,5913
35689,5914
35720,5915
35735,5916
35761,5917
35771,5918
35774,5919
35791,5920
35819,5921
35848,5922
35951,5923
36040,5924
36055,5925
36090,5926
36100,5927
36101,5928
36122,5929
36131,5930
36143,5931
36159,5932
36165,5933
36172,5934
36210,5935
36219,5936
36236,5937
36271,5938
36287,5939
36300,5940
36314,5941
36334,5942
36335,5943
36370,5944
36417,5945
36428,5946
36443,5947
36466,5948
36519,5949
36562,5950
36588,5951
36594,5952
36598,5953
36606,5954
36623,5955
36628,5956
36666,5957
36677,5958
36699,5959
36710,5960
36712,5961
36716,5962
36719,5963
36720,5964
36791,5965
36852,5966
36887,5967
36893,5968
36913,5969
36918,5970
37014,5971
37033,5972
37046,5973
37077,5974
37102,5975
37139,5976
37174,5977
37188,5978
37197,5979
37347,5980
37362,5981
37364,5982
37365,5983
37396,5984
37426,5985
37488,5986
37490,5987
37523,5988
37568,5989
37573,5990
37612,5991
37625,5992
37651,5993
37663,5994
37675,5995
37704,5996
37712,5997
37753,5998
37761,5999
37812,6000
37819,6001
37849,6002
37850,6003
37857,6004
37859,6005
37871,6006
37875,6007
37882,6008
37896,6009
37906,6010
37938,6011
37942,6012
37957,6013
37972,6014
37973,6015
38020,6016
38045,6017
38053,6018
38055,6019
38058,6020
38117,6021
38141,6022
38146,6023
38188,6024
38208,6025
38245,6026
38256,6027
38258,6028
38275,6029
38291,6030
38301,6031
38327,6032
38336,6033
38339,6034
38357,6035
38362,6036
38440,6037
38453,6038
38483,6039
38515,6040
38528,6041
38536,6042
38554,6043
38606,6044
38620,6045
38633,6046
38656,6047
38703,6048
38747,6049
38802,6050
38863,6051
38921,6052
38957,6053
39021,6054
39103,6055
39104,6056
39157,6057
39218,6058
39341,6059
39346,6060
39350,6061
39433,6062
39467,6063
39469,6064
39473,6065
39483,6066
39497,6067
39541,6068
39611,6069
39635,6070
39643,6071
39659,6072
39660,6073
39666,6074
39699,6075
39740,6076
39766,6077
39806,6078
39828,6079
39840,6080
39858,6081
39875,6082
39897,6083
39948,6084
39966,6085
40022,6086
40024,6087
40066,6088
40110,6089
40127,6090
40167,6091
40212,6092
40225,6093
40241,6094
40294,6095
40306,6096
40350,6097
40378,6098
40431,6099
40541,6100
40594,6101
40618,6102
40678,6103
40716,6104
40763,6105
40801,6106
40802,6107
40822,6108
40914,6109
40921,6110
40939,6111
40956,6112
40972,6113
40984,6114
41051,6115
41075,6116
41081,6117
41178,6118
41186,6119
41206,6120
41265,6121
41293,6122
41297,6123
41314,6124
41367,6125
41467,6126
41477,6127
41492,6128
41550,6129
41554,6130
41604,6131
41617,6132
41652,6133
41673,6134
41691,6135
41702,6136
41711,6137
41712,6138
41737,6139
41764,6140
41776,6141
41812,6142
41845,6143
41849,6144
41850,6145
41882,6146
41885,6147
41889,6148
41895,6149
41902,6150
41903,6151
41909,6152
41911,6153
41916,6154
41945,6155
41960,6156
42031,6157
42085,6158
42089,6159
42134,6160
42146,6161
42147,6162
42153,6163
42160,6164
42169,6165
42298,6166
42309,6167
42328,6168
42358,6169
42360,6170
42396,6171
42422,6172
42423,6173
42429,6174
42431,6175
42505,6176
42538,6177
42559,6178
42581,6179
42613,6180
42624,6181
42638,6182
42648,6183
42671,6184
42679,6185
42722,6186
42741,6187
42747,6188
42836,6189
42850,6190
42862,6191
42896,6192
43048,6193
43052,6194
43053,6195
43066,6196
43106,6197
43111,6198
43198,6199
43209,6200
43255,6201
43263,6202
43272,6203
43274,6204
43282,6205
43292,6206
43297,6207
43401,6208
43411,6209
43428,6210
43446,6211
43476,6212
43508,6213
43535,6214
43561,6215
43607,6216
43611,6217
43613,6218
43626,6219
43627,6220
43665,6221
43718,6222
43721,6223
43755,6224
43820,6225
43833,6226
43846,6227
43849,6228
43888,6229
43903,6230
43941,6231
43983,6232
43988,6233
44008,6234
44074,6235
44080,6236
44111,6237
44130,6238
44150,6239
44195,6240
44246,6241
44249,6242
44253,6243
44277,6244
44294,6245
44302,6246
44323,6247
44361,6248
44399,6249
44421,6250
44437,6251
44441,6252
44447,6253
44477,6254
44555,6255
44572,6256
44606,6257
44619,6258
44670,6259
44748,6260
44768,6261
44785,6262
44817,6263
44894,6264
44900,6265
44917,6266
44949,6267
44953,6268
44961,6269
44968,6270
44991,6271
45006,6272
45010,6273
45024,6274
45025,6275
45138,6276
45199,6277
45206,6278
45228,6279
45275,6280
45309,6281
45385,6282
45403,6283
45475,6284
45476,6285
45546,6286
45575,6287
45655,6288
45716,6289
45806,6290
45872,6291
45909,6292
45911,6293
45946,6294
46013,6295
46055,6296
46072,6297
46117,6298
46151,6299
46175,6300
46183,6301
46208,6302
46223,6303
46235,6304
46305,6305
46307,6306
46342,6307
46398,6308
46405,6309
46417,6310
46419,6311
46429,6312
46492,6313
46510,6314
46528,6315
46537,6316
46568,6317
46573,6318
46585,6319
46600,6320
46617,6321
46716,6322
46718,6323
46751,6324
46844,6325
46907,6326
46950,6327
47097,6328
47099,6329
47162,6330
47171,6331
47321,6332
47331,6333
47333,6334
47341,6335
47344,6336
47381,6337
47418,6338
47446,6339
47460,6340
47487,6341
47492,6342
47493,6343
47512,6344
47517,6345
47545,6346
47555,6347
47602,6348
47607,6349
47632,6350
47634,6351
47661,6352
47694,6353
47696,6354
47779,6355
47835,6356
47860,6357
47921,6358
47944,6359
47983,6360
48054,6361
48276,6362
48292,6363
48301,6364
48375,6365
48429,6366
48471,6367
48510,6368
48562,6369
48572,6370
48615,6371
48618,6372
48639,6373
48641,6374
48674,6375
48735,6376
48781,6377
48815,6378
48849,6379
48880,6380
48929,6381
48930,6382
48956,6383
48961,6384
48994,6385
49039,6386
49058,6387
49147,6388
49171,6389
49173,6390
49179,6391
49189,6392
49278,6393
49285,6394
49310,6395
49357,6396
49380,6397
49395,6398
49489,6399
49703,6400
49773,6401
49806,6402
49818,6403
49880,6404
49894,6405
49902,6406
49929,6407
49930,6408
49933,6409
49947,6410
49955,6411
49958,6412
50078,6413
50093,6414
50128,6415
50157,6416
50222,6417
50226,6418
50246,6419
50285,6420
50291,6421
50317,6422
50405,6423
50424,6424
50514,6425
50556,6426
50653,6427
50687,6428
50693,6429
50698,6430
50788,6431
50804,6432
50893,6433
50903,6434
51050,6435
51060,6436
51104,6437
51147,6438
51250,6439
51374,6440
51375,6441
51414,6442
51569,6443
51573,6444
51590,6445
51646,6446
51680,6447
51698,6448
51753,6449
51805,6450
51880,6451
51915,6452
51921,6453
51925,6454
52010,6455
52025,6456
52037,6457
52119,6458
52145,6459
52209,6460
52216,6461
52256,6462
52313,6463
52347,6464
52415,6465
52467,6466
52479,6467
52493,6468
52498,6469
52512,6470
52543,6471
52565,6472
52611,6473
52662,6474
52768,6475
52780,6476
52808,6477
52876,6478
52887,6479
52963,6480
53036,6481
53055,6482
53083,6483
53093,6484
53213,6485
53220,6486
53302,6487
53318,6488
53328,6489
53341,6490
53394,6491
53549,6492
53570,6493
53617,6494
53672,6495
53685,6496
53734,6497
53802,6498
53806,6499
53843,6500
53878,6501
53925,6502
53985,6503
54006,6504
54038,6505
54116,6506
54131,6507
54145,6508
54276,6509
54292,6510
54411,6511
54446,6512
54449,6513
54468,6514
54493,6515
54498,6516
54561,6517
54577,6518
54580,6519
54615,6520
54618,6521
54622,6522
54633,6523
54649,6524
54665,6525
54669,6526
54681,6527
54702,6528
54710,6529
54834,6530
54907,6531
54913,6532
54939,6533
54972,6534
54984,6535
55002,6536
55095,6537
55155,6538
55199,6539
55201,6540
55233,6541
55246,6542
55275,6543
55310,6544
55319,6545
55367,6546
55414,6547
55484,6548
55515,6549
55529,6550
55573,6551
55639,6552
55694,6553
55712,6554
55769,6555
55806,6556
55840,6557
55844,6558
55851,6559
55883,6560
55935,6561
55980,6562
55999,6563
56057,6564
56101,6565
56134,6566
56217,6567
56287,6568
56329,6569
56432,6570
56444,6571
56457,6572
56509,6573
56557,6574
56622,6575
56640,6576
56711,6577
56773,6578
56868,6579
56914,6580
56920,6581
56973,6582
57020,6583
57066,6584
57178,6585
57179,6586
57252,6587
57429,6588
57458,6589
57482,6590
57508,6591
57528,6592
57652,6593
57682,6594
57727,6595
57915,6596
57930,6597
57967,6598
57999,6599
58007,6600
58048,6601
58053,6602
58105,6603
58106,6604
58137,6605
58155,6606
58164,6607
58220,6608
58249,6609
58296,6610
58353,6611
58410,6612
58453,6613
58459,6614
58485,6615
58489,6616
58498,6617
58518,6618
58556,6619
58572,6620
58721,6621
58828,6622
58862,6623
58864,6624
58914,6625
58949,6626
59008,6627
59054,6628
59220,6629
59264,6630
59278,6631
59300,6632
59455,6633
59465,6634
59591,6635
59693,6636
59718,6637
59726,6638
59756,6639
59807,6640
59844,6641
59877,6642
59923,6643
59961,6644
59962,6645
59999,6646
60088,6647
60101,6648
60198,6649
60304,6650
60363,6651
60377,6652
60442,6653
60504,6654
60551,6655
60564,6656
60608,6657
60618,6658
60682,6659
60809,6660
60826,6661
60856,6662
60866,6663
60921,6664
60939,6665
61042,6666
61056,6667
61131,6668
61195,6669
61200,6670
61243,6671
61297,6672
61328,6673
61343,6674
61399,6675
61409,6676
61511,6677
61555,6678
61570,6679
61643,6680
61901,6681
61937,6682
61997,6683
62022,6684
62230,6685
62249,6686
62311,6687
62343,6688
62366,6689
62407,6690
62479,6691
62492,6692
62545,6693
62575,6694
62664,6695
62675,6696
62693,6697
62732,6698
62748,6699
62760,6700
62770,6701
62848,6702
62884,6703
62927,6704
63088,6705
63089,6706
63126,6707
63136,6708
63152,6709
63194,6710
63206,6711
63241,6712
63255,6713
63277,6714
63389,6715
63434,6716
63492,6717
63556,6718
63588,6719
63684,6720
63725,6721
63798,6722
63847,6723
63904,6724
63944,6725
63967,6726
63991,6727
64018,6728
64038,6729
64071,6730
64092,6731
64193,6732
64207,6733
64236,6734
64244,6735
64246,6736
64285,6737
64425,6738
64449,6739
64471,6740
64537,6741
64551,6742
64575,6743
64580,6744
64662,6745
64696,6746
64825,6747
64957,6748
65008,6749
65067,6750
65105,6751
65110,6752
65129,6753
65134,6754
65164,6755
65215,6756
65231,6757
65267,6758
65282,6759
65378,6760
65398,6761
65412,6762
65485,6763
65504,6764
65531,6765
65533,6766
65568,6767
65617,6768
65720,6769
65843,6770
65947,6771
65977,6772
65980,6773
66095,6774
66210,6775
66226,6776
66369,6777
66411,6778
66420,6779
66451,6780
66471,6781
66485,6782
66640,6783
66655,6784
66695,6785
66710,6786
66726,6787
66878,6788
66902,6789
66908,6790
66999,6791
67009,6792
67010,6793
67060,6794
67164,6795
67175,6796
67214,6797
67218,6798
67391,6799
67476,6800
67523,6801
67538,6802
67716,6803
67722,6804
67758,6805
67845,6806
67964,6807
67975,6808
67982,6809
68099,6810
68116,6811
68333,6812
68340,6813
68397,6814
68473,6815
68535,6816
68638,6817
68754,6818
68787,6819
68882,6820
69030,6821
69099,6822
69115,6823
69116,6824
69271,6825
69323,6826
69340,6827
69594,6828
69650,6829
69727,6830
69777,6831
69858,6832
69896,6833
69906,6834
70358,6835
70594,6836
70773,6837
70918,6838
70937,6839
70960,6840
71010,6841
71070,6842
71104,6843
71191,6844
71268,6845
71311,6846
71422,6847
71489,6848
71492,6849
71671,6850
71711,6851
71743,6852
71762,6853
71804,6854
71818,6855
71826,6856
71855,6857
71858,6858
71886,6859
71933,6860
71943,6861
71985,6862
72020,6863
72040,6864
72138,6865
72234,6866
72309,6867
72311,6868
72429,6869
72432,6870
72436,6871
72486,6872
72497,6873
72558,6874
72664,6875
72668,6876
72947,6877
72993,6878
72995,6879
73001,6880
73058,6881
73077,6882
73104,6883
73186,6884
73295,6885
73559,6886
73596,6887
73665,6888
73692,6889
73767,6890
73803,6891
73829,6892
73900,6893
73929,6894
73937,6895
73939,6896
73987,6897
74000,6898
74365,6899
74587,6900
74599,6901
74617,6902
74780,6903
74852,6904
74948,6905
74954,6906
74962,6907
75002,6908
75017,6909
75040,6910
75056,6911
75074,6912
75319,6913
75343,6914
75408,6915
75426,6916
75752,6917
75774,6918
75840,6919
75910,6920
75946,6921
75950,6922
75987,6923
76076,6924
76155,6925
76160,6926
76263,6927
76422,6928
76614,6929
76627,6930
76666,6931
76728,6932
76747,6933
76761,6934
76797,6935
76838,6936
76905,6937
76956,6938
76959,6939
77438,6940
77442,6941
77519,6942
77635,6943
77836,6944
77846,6945
77879,6946
77986,6947
78082,6948
78181,6949
78191,6950
78204,6951
78211,6952
78216,6953
78430,6954
78579,6955
78632,6956
78707,6957
78850,6958
78870,6959
78872,6960
79069,6961
79095,6962
79104,6963
79121,6964
79229,6965
79247,6966
79263,6967
79339,6968
79475,6969
79722,6970
79808,6971
79838,6972
79859,6973
79969,6974
79981,6975
79992,6976
79995,6977
80044,6978
80095,6979
80144,6980
80198,6981
80205,6982
80208,6983
80255,6984
80375,6985
80415,6986
80599,6987
80624,6988
80648,6989
80800,6990
80858,6991
80863,6992
80943,6993
81013,6994
81214,6995
81224,6996
81231,6997
81295,6998
81412,6999
81660,7000
81667,7001
81722,7002
81875,7003
82033,7004
82034,7005
82067,7006
82091,7007
82237,7008
82285,7009
82373,7010
82387,7011
82630,7012
82866,7013
82975,7014
83035,7015
83046,7016
83132,7017
83175,7018
83266,7019
83452,7020
83481,7021
83562,7022
83757,7023
83859,7024
83885,7025
83897,7026
83920,7027
84014,7028
84042,7029
84125,7030
84214,7031
84264,7032
84420,7033
84447,7034
84461,7035
84500,7036
84722,7037
84730,7038
84793,7039
84980,7040
85020,7041
85032,7042
85045,7043
85162,7044
85263,7045
85365,7046
85509,7047
85511,7048
85525,7049
85529,7050
85610,7051
85682,7052
85684,7053
85785,7054
85820,7055
85889,7056
85971,7057
85981,7058
86004,7059
86130,7060
86267,7061
86302,7062
86315,7063
86402,7064
86519,7065
86614,7066
86736,7067
86967,7068
86984,7069
86991,7070
87062,7071
87093,7072
87156,7073
87216,7074
87422,7075
87459,7076
87590,7077
87708,7078
87806,7079
87859,7080
87899,7081
87912,7082
87918,7083
88027,7084
88168,7085
88299,7086
88463,7087
88542,7088
88601,7089
88830,7090
88914,7091
89028,7092
89120,7093
89197,7094
89210,7095
89211,7096
89223,7097
89236,7098
89349,7099
89599,7100
89628,7101
89652,7102
89858,7103
89890,7104
89970,7105
90037,7106
90043,7107
90325,7108
90343,7109
90497,7110
90744,7111
90801,7112
90804,7113
90847,7114
91080,7115
91366,7116
91455,7117
91599,7118
91602,7119
91640,7120
91729,7121
91752,7122
91795,7123
91806,7124
91891,7125
91971,7126
92020,7127
92046,7128
92067,7129
92232,7130
92238,7131
92333,7132
92354,7133
92455,7134
92475,7135
92506,7136
92589,7137
92662,7138
92859,7139
92935,7140
92987,7141
92997,7142
93021,7143
93120,7144
93172,7145
93273,7146
93373,7147
93386,7148
93394,7149
93439,7150
93456,7151
93584,7152
93904,7153
94046,7154
94139,7155
94143,7156
94177,7157
94218,7158
94235,7159
94298,7160
94310,7161
94662,7162
94676,7163
94703,7164
94799,7165
94838,7166
94845,7167
94868,7168
94990,7169
95010,7170
95021,7171
95027,7172
95100,7173
95131,7174
95190,7175
95356,7176
95471,7177
95572,7178
95580,7179
95783,7180
96005,7181
96039,7182
96161,7183
96180,7184
96305,7185
96321,7186
96420,7187
96548,7188
96644,7189
96686,7190
96796,7191
96813,7192
96820,7193
96953,7194
97052,7195
97060,7196
97109,7197
97231,7198
97324,7199
97401,7200
97427,7201
97440,7202
97500,7203
97550,7204
97554,7205
97599,7206
97689,7207
97691,7208
97766,7209
97873,7210
97952,7211
98075,7212
98163,7213
98262,7214
98288,7215
98299,7216
98419,7217
98425,7218
98471,7219
98497,7220
98534,7221
98549,7222
98572,7223
98755,7224
98774,7225
98831,7226
98836,7227
98916,7228
98938,7229
99110,7230
99130,7231
99149,7232
99151,7233
99157,7234
99188,7235
99214,7236
99379,7237
99450,7238
99519,7239
99571,7240
99645,7241
99661,7242
99686,7243
99768,7244
99785,7245
99925,7246
100055,7247
100088,7248
100202,7249
100334,7250
100715,7251
100791,7252
100806,7253
100843,7254
100845,7255
100927,7256
100980,7257
101378,7258
101526,7259
101540,7260
101657,7261
101912,7262
101945,7263
101961,7264
102187,7265
102241,7266
102420,7267
102454,7268
102520,7269
102835,7270
103077,7271
103109,7272
103161,7273
103202,7274
103214,7275
103361,7276
103370,7277
103374,7278
103418,7279
103491,7280
103754,7281
103766,7282
103781,7283
103849,7284
103966,7285
104218,7286
104710,7287
104739,7288
104796,7289
104807,7290
104841,7291
105082,7292
105098,7293
105217,7294
105350,7295
105400,7296
105458,7297
105669,7298
105909,7299
106130,7300
106157,7301
106177,7302
106332,7303
106783,7304
106800,7305
106857,7306
106938,7307
107173,7308
107315,7309
107322,7310
107657,7311
107752,7312
107936,7313
108162,7314
108454,7315
108784,7316
108816,7317
108853,7318
109395,7319
109996,7320
110029,7321
110073,7322
110172,7323
110234,7324
110312,7325
110417,7326
110453,7327
110701,7328
110865,7329
110904,7330
111006,7331
111071,7332
111098,7333
111180,7334
111256,7335
111265,7336
111370,7337
111376,7338
111665,7339
111688,7340
111913,7341
111917,7342
111981,7343
111982,7344
112248,7345
112602,7346
112893,7347
113109,7348
113120,7349
113129,7350
113158,7351
113609,7352
113615,7353
113685,7354
113693,7355
113698,7356
113844,7357
113922,7358
114111,7359
114207,7360
114236,7361
114255,7362
114411,7363
114556,7364
114644,7365
114703,7366
114720,7367
114731,7368
114822,7369
115162,7370
115185,7371
115201,7372
115351,7373
115550,7374
115657,7375
115737,7376
116086,7377
116302,7378
116330,7379
116460,7380
116486,7381
116522,7382
116557,7383
116605,7384
117024,7385
117026,7386
117140,7387
117172,7388
117234,7389
117330,7390
117405,7391
117420,7392
117484,7393
117598,7394
117704,7395
117912,7396
117915,7397
117973,7398
118030,7399
118031,7400
118252,7401
118254,7402
118266,7403
118275,7404
118294,7405
118718,7406
118858,7407
118929,7408
119042,7409
119256,7410
119295,7411
119315,7412
119413,7413
119444,7414
119528,7415
119798,7416
119948,7417
120002,7418
120031,7419
120376,7420
120420,7421
120560,7422
120574,7423
120583,7424
121008,7425
121342,7426
121576,7427
121690,7428
122078,7429
122539,7430
122551,7431
122572,7432
122677,7433
122832,7434
122964,7435
123103,7436
123155,7437
123251,7438
123299,7439
123300,7440
123316,7441
123541,7442
123751,7443
123774,7444
123842,7445
123977,7446
124059,7447
124141,7448
124201,7449
124426,7450
124533,7451
124619,7452
124625,7453
124787,7454
124818,7455
124892,7456
124994,7457
125343,7458
125881,7459
125963,7460
125982,7461
126010,7462
126142,7463
126238,7464
126260,7465
126282,7466
126335,7467
126372,7468
126410,7469
126502,7470
126927,7471
127227,7472
127273,7473
127690,7474
127800,7475
127956,7476
128331,7477
128930,7478
129006,7479
129079,7480
129153,7481
129184,7482
129248,7483
129624,7484
129776,7485
130063,7486
130625,7487
130777,7488
130795,7489
130827,7490
130963,7491
131000,7492
131067,7493
131084,7494
131116,7495
131199,7496
131529,7497
131974,7498
132043,7499
132158,7500
132247,7501
132369,7502
132518,7503
132687,7504
133121,7505
133187,7506
133198,7507
133200,7508
133412,7509
133443,7510
133676,7511
134261,7512
134490,7513
134699,7514
134710,7515
134722,7516
134804,7517
135138,7518
135210,7519
135410,7520
135489,7521
135639,7522
135644,7523
135649,7524
135678,7525
135776,7526
135996,7527
135997,7528
136202,7529
136207,7530
136266,7531
136354,7532
136355,7533
136545,7534
136627,7535
137067,7536
137182,7537
137189,7538
137402,7539
137494,7540
137689,7541
137698,7542
137821,7543
137998,7544
138111,7545
138591,7546
138696,7547
138790,7548
138895,7549
139240,7550
139576,7551
139824,7552
139856,7553
139926,7554
140052,7555
140088,7556
140741,7557
140797,7558
140900,7559
141025,7560
141181,7561
142061,7562
142234,7563
142263,7564
142384,7565
142412,7566
142679,7567
143090,7568
143098,7569
143108,7570
143318,7571
143711,7572
143883,7573
144040,7574
144441,7575
144648,7576
144742,7577
144936,7578
144956,7579
145237,7580
145365,7581
145480,7582
145691,7583
145980,7584
146014,7585
146844,7586
146947,7587
147051,7588
147261,7589
147849,7590
147858,7591
148260,7592
148380,7593
148549,7594
148564,7595
148780,7596
148903,7597
148981,7598
149135,7599
149228,7600
149317,7601
149967,7602
150244,7603
150263,7604
150271,7605
150465,7606
150572,7607
150724,7608
150913,7609
150998,7610
151121,7611
151305,7612
151599,7613
151767,7614
151794,7615
152288,7616
152384,7617
152738,7618
152820,7619
153079,7620
153103,7621
153236,7622
153403,7623
154028,7624
154204,7625
154361,7626
154955,7627
155011,7628
155153,7629
155586,7630
155923,7631
156310,7632
156444,7633
156507,7634
157183,7635
157292,7636
157476,7637
157577,7638
157625,7639
157776,7640
157791,7641
157938,7642
158023,7643
158224,7644
158293,7645
158572,7646
158604,7647
158654,7648
158775,7649
158790,7650
159164,7651
159483,7652
159971,7653
159993,7654
160031,7655
160302,7656
160385,7657
160470,7658
160509,7659
160534,7660
160567,7661
160664,7662
160729,7663
160783,7664
161371,7665
161448,7666
161471,7667
161500,7668
161519,7669
161552,7670
161656,7671
161697,7672
162984,7673
163013,7674
163016,7675
163203,7676
163281,7677
163522,7678
163909,7679
164091,7680
164117,7681
164668,7682
164723,7683
164762,7684
165314,7685
165706,7686
166198,7687
166450,7688
166484,7689
166822,7690
167328,7691
167356,7692
168157,7693
169327,7694
169596,7695
169640,7696
170300,7697
170419,7698
170560,7699
170637,7700
171086,7701
171174,7702
171206,7703
171391,7704
171397,7705
171966,7706
172561,7707
172748,7708
172834,7709
172916,7710
172926,7711
173202,7712
173593,7713
173831,7714
173894,7715
175136,7716
175250,7717
175638,7718
175760,7719
175823,7720
175921,7721
176504,7722
176595,7723
176976,7724
177118,7725
177502,7726
177508,7727
177651,7728
177664,7729
178104,7730
178868,7731
179113,7732
179303,7733
179386,7734
179390,7735
180701,7736
181012,7737
181758,7738
181852,7739
182065,7740
182369,7741
183081,7742
183211,7743
183704,7744
183730,7745
184074,7746
184549,7747
184745,7748
185078,7749
185547,7750
186004,7751
186101,7752
186779,7753
186883,7754
187003,7755
187502,7756
188248,7757
188374,7758
188781,7759
188988,7760
189099,7761
189165,7762
189536,7763
189873,7764
190274,7765
190635,7766
191210,7767
191622,7768
191722,7769
191871,7770
191910,7771
192170,7772
192270,7773
192871,7774
192925,7775
193357,7776
193704,7777
193731,7778
193885,7779
193908,7780
194332,7781
194545,7782
194607,7783
195592,7784
195861,7785
195930,7786
196247,7787
196625,7788
197152,7789
197288,7790
197469,7791
197653,7792
198641,7793
198733,7794
198844,7795
199551,7796
199552,7797
199820,7798
199828,7799
200095,7800
200192,7801
200308,7802
200316,7803
200486,7804
201008,7805
201557,7806
201790,7807
201807,7808
202041,7809
202049,7810
202463,7811
202488,7812
202809,7813
203027,7814
203144,7815
203536,7816
203965,7817
204045,7818
205302,7819
205337,7820
205380,7821
205755,7822
205936,7823
206003,7824
206103,7825
206119,7826
206361,7827
206537,7828
206879,7829
207063,7830
207195,7831
207368,7832
207646,7833
207737,7834
207889,7835
208231,7836
208429,7837
208468,7838
208736,7839
209057,7840
209547,7841
209747,7842
211133,7843
211296,7844
211388,7845
212165,7846
212430,7847
213863,7848
214219,7849
214261,7850
214631,7851
215014,7852
215181,7853
216786,7854
216816,7855
216964,7856
217346,7857
218739,7858
219224,7859
219525,7860
219947,7861
220132,7862
220342,7863
220811,7864
221124,7865
221325,7866
221512,7867
221890,7868
222227,7869
222477,7870
222953,7871
223294,7872
224005,7873
224095,7874
224551,7875
226455,7876
226809,7877
226889,7878
227150,7879
227233,7880
227785,7881
227951,7882
228828,7883
228834,7884
229040,7885
229159,7886
229636,7887
229746,7888
229764,7889
229943,7890
230447,7891
230655,7892
231370,7893
232283,7894
232601,7895
232936,7896
234023,7897
234452,7898
234517,7899
234626,7900
235229,7901
235237,7902
235677,7903
235728,7904
236322,7905
236369,7906
236474,7907
236603,7908
236636,7909
236755,7910
239165,7911
239178,7912
239309,7913
239341,7914
240015,7915
240826,7916
241422,7917
241474,7918
241539,7919
241832,7920
242147,7921
242216,7922
243138,7923
243187,7924
244123,7925
244371,7926
246090,7927
246092,7928
246295,7929
246840,7930
247585,7931
247812,7932
248397,7933
248477,7934
249573,7935
249772,7936
249969,7937
250243,7938
250252,7939
251310,7940
251389,7941
251862,7942
252269,7943
252285,7944
252297,7945
252742,7946
252947,7947
253316,7948
254300,7949
254898,7950
255541,7951
255770,7952
258708,7953
259110,7954
260997,7955
261427,7956
261654,7957
261714,7958
261997,7959
262547,7960
262774,7961
263904,7962
263913,7963
264153,7964
264595,7965
265591,7966
266987,7967
267086,7968
267563,7969
267617,7970
267747,7971
268325,7972
269005,7973
270495,7974
270994,7975
272098,7976
272257,7977
272298,7978
273062,7979
273620,7980
273633,7981
273643,7982
274452,7983
274957,7984
275213,7985
275236,7986
275970,7987
276477,7988
277061,7989
277177,7990
277275,7991
278975,7992
279176,7993
279767,7994
279797,7995
280500,7996
281316,7997
281674,7998
282199,7999
282337,8000
282826,8001
282838,8002
283402,8003
283589,8004
284108,8005
284470,8006
284681,8007
285039,8008
285876,8009
286168,8010
287428,8011
287532,8012
289767,8013
289909,8014
290437,8015
290550,8016
290638,8017
291226,8018
291884,8019
292164,8020
292952,8021
292953,8022
293521,8023
293599,8024
293902,8025
294326,8026
294484,8027
295546,8028
297990,8029
298098,8030
298360,8031
298583,8032
298847,8033
299501,8034
300345,8035
301153,8036
301461,8037
302299,8038
303366,8039
303632,8040
304303,8041
304318,8042
304393,8043
305758,8044
305848,8045
306328,8046
307419,8047
307652,8048
307721,8049
308141,8050
308267,8051
309908,8052
310542,8053
311570,8054
312478,8055
313075,8056
314360,8057
314885,8058
315973,8059
316529,8060
317783,8061
319576,8062
323336,8063
323932,8064
324841,8065
327160,8066
327459,8067
327966,8068
328094,8069
328269,8070
328651,8071
328835,8072
330217,8073
330539,8074
331972,8075
333104,8076
333426,8077
333660,8078
334627,8079
335755,8080
336277,8081
339241,8082
339988,8083
340663,8084
341013,8085
341203,8086
341950,8087
342231,8088
343588,8089
343670,8090
344613,8091
346051,8092
347582,8093
347686,8094
348202,8095
350564,8096
352457,8097
352856,8098
355076,8099
355592,8100
356051,8101
356248,8102
356454,8103
357259,8104
357782,8105
359131,8106
360903,8107
361270,8108
361967,8109
362138,8110
362598,8111
364918,8112
364976,8113
366319,8114
368209,8115
368320,8116
368704,8117
369727,8118
370325,8119
370808,8120
370825,8121
371342,8122
371741,8123
371974,8124
372167,8125
372375,8126
375206,8127
378212,8128
381343,8129
382524,8130
383075,8131
383857,8132
385947,8133
386265,8134
387055,8135
388013,8136
389162,8137
390338,8138
390416,8139
391080,8140
391905,8141
392084,8142
393855,8143
395056,8144
395621,8145
396014,8146
396745,8147
397283,8148
397464,8149
401904,8150
403522,8151
403715,8152
405602,8153
407137,8154
408444,8155
408911,8156
408972,8157
409162,8158
411953,8159
418530,8160
419297,8161
420940,8162
421675,8163
424140,8164
424560,8165
425014,8166
425505,8167
425856,8168
426557,8169
427936,8170
428864,8171
429491,8172
432208,8173
432621,8174
432772,8175
433650,8176
433777,8177
433940,8178
434072,8179
434273,8180
436118,8181
436139,8182
437981,8183
438086,8184
438349,8185
438542,8186
439396,8187
445124,8188
446075,8189
446779,8190
449264,8191
450331,8192
450884,8193
450943,8194
456610,8195
457972,8196
459097,8197
459817,8198
462047,8199
462603,8200
462729,8201
463298,8202
466254,8203
468545,8204
469295,8205
470199,8206
471036,8207
472459,8208
474687,8209
475292,8210
476068,8211
480727,8212
481201,8213
485917,8214
486431,8215
486831,8216
488004,8217
492386,8218
494067,8219
494213,8220
495090,8221
495602,8222
496649,8223
500903,8224
502022,8225
502124,8226
502233,8227
503904,8228
504041,8229
504526,8230
505486,8231
506216,8232
507493,8233
511068,8234
511550,8235
518505,8236
519312,8237
520533,8238
522403,8239
527977,8240
529688,8241
531992,8242
533527,8243
534526,8244
535934,8245
536676,8246
536693,8247
540277,8248
541360,8249
541886,8250
542915,8251
544244,8252
546671,8253
549887,8254
550311,8255
551051,8256
557851,8257
558957,8258
560937,8259
561598,8260
562831,8261
564374,8262
564573,8263
565112,8264
568582,8265
569119,8266
569642,8267
570144,8268
572534,8269
573581,8270
574178,8271
576365,8272
580704,8273
583561,8274
589266,8275
589912,8276
590973,8277
591129,8278
598060,8279
598526,8280
598555,8281
602184,8282
604879,8283
608719,8284
609527,8285
609646,8286
613600,8287
613754,8288
615015,8289
618323,8290
619605,8291
620184,8292
621098,8293
623235,8294
630100,8295
635809,8296
644715,8297
649833,8298
653027,8299
657457,8300
667254,8301
667535,8302
668347,8303
668927,8304
672657,8305
674075,8306
674875,8307
677480,8308
679014,8309
681316,8310
682833,8311
686405,8312
689845,8313
692418,8314
698578,8315
713162,8316
713612,8317
716515,8318
717084,8319
735026,8320
742301,8321
743656,8322
746508,8323
749578,8324
754496,8325
754526,8326
754769,8327
755527,8328
764352,8329
772894,8330
775684,8331
780941,8332
783816,8333
789277,8334
791336,8335
798462,8336
799956,8337
800320,8338
805770,8339
822716,8340
827681,8341
828643,8342
834416,8343
836733,8344
855840,8345
857176,8346
860773,8347
862912,8348
868796,8349
876158,8350
878032,8351
880182,8352
882473,8353
883488,8354
885912,8355
891441,8356
900436,8357
909489,8358
909814,8359
910099,8360
931597,8361
934229,8362
935762,8363
959574,8364
960368,8365
964973,8366
967163,8367
967474,8368
989490,8369
996469,8370
999102,8371
1000793,8372
1014732,8373
1027644,8374
1028929,8375
1040022,8376
1055408,8377
1063766,8378
1085935,8379
1088224,8380
1102462,8381
1114547,8382
1125236,8383
1140170,8384
1140412,8385
1142173,8386
1147631,8387
1149062,8388
1202173,8389
1208645,8390
1220721,8391
1241355,8392
1242260,8393
1258221,8394
1276172,8395
1287223,8396
1296546,8397
1316496,8398
1324999,8399
1372501,8400
1388467,8401
1397296,8402
1424236,8403
1431900,8404
1433388,8405
1483537,8406
1517436,8407
1518207,8408
1524053,8409
1585516,8410
1592162,8411
1626354,8412
1632828,8413
1634337,8414
1658751,8415
1686752,8416
1722388,8417
1733731,8418
1790183,8419
1830988,8420
1923649,8421
1927857,8422
1940746,8423
1973613,8424
1977877,8425
2215048,8426
2219126,8427
2219169,8428
2228825,8429
2255766,8430
2259986,8431
2304982,8432
2430592,8433
2510606,8434
2518174,8435
2754072,8436
2808863,8437
2934148,8438
3121014,8439
3136408,8440
3181138,8441
3258169,8442
3388771,8443
3566442,8444
3698448,8445
3797973,8446
3995518,8447
4226955,8448
4244360,8449
5424710,8450
5708990,8451
6382690,8452
6607934,8453
6838818,8454
7126761,8455
7344035,8456
7803661,8457
7889538,8458
8419164,8459
8743736,8460
8837940,8461
10214424,8462
17700593,8463
